url_length,num_dots,has_https,domain_age_days,num_special_chars,num_redirects,has_ip_address,urgent_words_count,num_links,label
39,2,1,1019,2,0,0,1,1,0
29,3,1,1425,4,1,0,2,2,0
25,2,1,1155,2,1,0,2,0,0
153,5,1,93,18,3,1,8,4,1
83,8,0,51,15,5,1,5,7,1
74,4,1,92,11,3,0,8,7,1
77,7,0,76,9,4,0,6,3,1
189,10,0,73,17,5,1,5,10,1
99,4,0,47,10,3,1,5,15,1
68,5,0,90,11,1,0,8,8,1
59,1,1,1274,1,1,0,2,2,0
68,6,0,95,17,3,0,8,9,1
18,3,1,1148,3,0,0,0,2,0
51,6,1,96,5,3,0,7,3,1
59,1,1,1030,5,0,0,1,3,0
54,3,1,748,2,1,0,0,0,0
19,1,1,396,1,0,0,0,2,0
139,7,0,96,10,5,0,9,7,1
62,6,0,32,14,5,1,5,3,1
85,3,0,83,17,5,1,7,8,1
149,9,0,21,7,3,1,3,4,1
29,3,1,1620,5,0,0,2,4,0
10,1,1,1752,0,0,0,0,4,0
28,3,1,339,3,1,0,2,5,0
135,7,0,84,7,4,1,4,10,1
22,1,1,742,5,0,0,2,4,0
29,2,1,322,1,0,0,1,4,0
172,3,0,69,6,3,1,8,6,1
153,7,1,66,19,5,0,7,5,1
23,2,1,337,2,0,0,0,2,0
57,3,1,1775,1,1,0,1,1,0
70,7,0,72,7,5,0,8,7,1
189,9,1,44,5,4,0,7,10,1
12,1,1,928,2,1,0,1,5,0
50,1,1,1438,4,1,0,2,3,0
16,2,1,1943,5,0,0,0,5,0
51,8,1,67,18,4,0,10,15,1
37,1,1,1449,5,0,0,1,2,0
71,5,1,64,20,4,1,6,14,1
121,5,0,88,13,2,1,9,15,1
176,8,1,98,14,2,1,9,13,1
20,1,1,347,4,0,0,0,2,0
166,6,0,49,8,2,1,4,4,1
91,5,0,3,12,5,0,7,13,1
10,3,1,1866,3,1,0,1,4,0
29,1,1,1136,2,0,0,2,2,0
110,6,1,16,11,5,1,9,15,1
27,3,1,995,4,0,0,1,1,0
16,3,1,1452,3,0,0,0,0,0
31,1,1,1699,2,0,0,0,3,0
58,3,1,1423,0,1,0,1,3,0
15,1,1,1279,0,0,0,1,5,0
38,2,1,1027,0,1,0,2,1,0
53,8,1,48,12,1,0,4,10,1
24,1,1,1738,4,0,0,0,4,0
50,1,1,916,4,0,0,0,3,0
162,3,1,42,12,5,0,4,10,1
155,6,0,26,18,2,1,4,2,1
155,5,1,59,13,1,0,6,10,1
53,1,1,1198,0,0,0,0,0,0
39,2,1,701,0,1,0,1,3,0
22,3,1,730,5,0,0,2,4,0
84,4,1,30,12,4,1,9,11,1
42,3,1,865,0,0,0,0,3,0
13,2,1,616,5,0,0,2,3,0
51,3,1,1473,0,0,0,1,0,0
51,2,1,1972,2,0,0,0,0,0
53,2,1,555,2,1,0,2,4,0
172,6,0,26,19,5,0,3,3,1
46,2,1,511,3,0,0,0,4,0
63,9,1,54,15,2,0,4,11,1
29,1,1,1184,2,1,0,0,2,0
23,3,1,1623,1,1,0,1,0,0
43,3,1,1100,5,1,0,2,0,0
182,10,0,87,9,3,1,6,8,1
60,6,1,80,6,5,1,5,12,1
89,8,0,86,7,1,0,4,5,1
127,7,0,24,19,1,1,6,15,1
27,3,1,1000,1,1,0,1,5,0
56,2,1,1510,5,1,0,0,2,0
52,7,1,55,19,2,1,8,11,1
191,6,1,84,8,5,1,3,10,1
119,6,1,41,10,2,0,5,10,1
48,3,1,896,2,0,0,1,5,0
44,2,1,788,1,0,0,2,1,0
179,4,0,39,17,2,0,6,3,1
151,9,0,59,9,3,1,3,15,1
23,2,1,250,3,1,0,1,5,0
21,3,1,410,0,1,0,0,3,0
31,1,1,1259,0,1,0,2,5,0
11,2,1,1453,1,1,0,2,3,0
121,7,0,51,9,2,1,4,2,1
122,5,0,63,9,1,0,9,15,1
58,2,1,1362,5,0,0,0,2,0
56,3,1,638,4,1,0,1,2,0
197,8,0,58,17,3,1,6,13,1
145,10,0,17,15,1,1,4,3,1
20,2,1,703,4,0,0,0,2,0
81,9,1,96,20,2,0,4,2,1
199,10,0,96,19,1,1,5,9,1
109,10,0,11,7,4,0,7,14,1
111,5,1,24,14,3,0,6,7,1
55,3,1,498,4,0,0,1,5,0
50,3,1,485,4,1,0,0,0,0
49,1,1,1297,3,1,0,2,4,0
57,2,1,929,1,0,0,2,2,0
14,1,1,1825,4,1,0,0,4,0
35,1,1,1446,0,1,0,2,2,0
145,3,1,62,17,2,0,6,15,1
19,2,1,764,5,0,0,0,3,0
49,2,1,323,0,1,0,1,1,0
33,1,1,807,4,1,0,1,5,0
75,5,0,1,11,5,1,7,15,1
23,3,1,1710,0,0,0,2,0,0
197,5,0,58,10,5,0,6,5,1
57,2,1,1101,2,0,0,1,0,0
51,2,1,1783,2,0,0,2,5,0
29,1,1,1554,3,0,0,0,1,0
48,1,1,682,3,0,0,0,1,0
15,1,1,719,5,0,0,0,3,0
73,4,1,13,7,5,1,6,10,1
69,10,0,49,11,1,0,4,7,1
96,3,0,93,18,1,0,5,10,1
158,3,1,100,10,4,1,6,14,1
40,1,1,1251,4,1,0,2,0,0
116,6,1,21,17,4,0,3,5,1
96,4,1,59,14,5,0,10,15,1
181,5,1,85,10,2,1,6,8,1
128,9,0,37,10,4,0,7,9,1
43,1,1,395,3,1,0,2,3,0
49,2,1,1164,3,1,0,1,5,0
11,2,1,1406,3,1,0,1,3,0
15,2,1,1618,5,1,0,0,5,0
30,2,1,425,4,0,0,0,2,0
94,10,1,96,15,3,0,6,13,1
55,4,0,84,8,3,1,4,14,1
26,1,1,1030,3,0,0,0,2,0
60,1,1,1013,1,1,0,1,2,0
49,1,1,1899,3,0,0,1,4,0
70,5,0,8,6,3,1,4,7,1
28,2,1,1463,4,0,0,1,4,0
40,3,1,290,1,1,0,0,3,0
89,4,0,40,11,5,0,3,7,1
72,3,0,38,10,5,1,9,9,1
82,4,0,90,8,4,1,7,11,1
57,1,1,645,0,1,0,2,0,0
112,5,1,45,16,4,0,3,4,1
47,2,1,892,1,0,0,2,5,0
162,6,1,86,11,2,1,3,13,1
82,8,0,85,9,3,0,3,14,1
119,5,1,36,9,2,0,3,13,1
11,1,1,1421,0,0,0,0,5,0
45,3,1,1712,2,1,0,2,0,0
137,5,0,18,13,1,1,5,8,1
13,1,1,1914,1,1,0,1,1,0
50,2,1,228,0,1,0,1,4,0
45,1,1,882,2,1,0,2,3,0
31,3,1,931,3,0,0,2,4,0
20,1,1,823,3,0,0,0,3,0
12,1,1,434,5,1,0,0,3,0
104,5,1,85,5,5,0,10,6,1
64,6,0,77,7,4,0,7,15,1
27,1,1,1017,4,0,0,0,5,0
38,2,1,776,2,0,0,1,2,0
16,1,1,1177,1,0,0,2,4,0
45,3,1,1391,0,1,0,0,3,0
95,5,0,2,9,1,0,4,2,1
28,3,1,1571,0,0,0,2,5,0
12,2,1,508,1,1,0,1,0,0
20,3,1,1618,2,1,0,2,3,0
150,3,1,15,6,5,1,10,10,1
139,3,1,31,16,2,0,4,3,1
159,3,1,46,12,5,0,4,12,1
58,2,1,462,3,1,0,2,3,0
92,5,0,4,14,5,1,5,7,1
30,3,1,1923,5,0,0,0,5,0
17,3,1,1190,4,1,0,2,2,0
38,3,1,1461,0,1,0,0,4,0
144,10,1,18,12,4,0,8,7,1
178,7,0,5,14,3,1,6,12,1
50,3,1,1712,5,0,0,2,3,0
175,10,1,19,6,5,1,5,4,1
188,6,0,12,10,3,1,9,14,1
78,9,1,95,13,1,1,5,2,1
30,1,1,1429,5,1,0,2,4,0
39,2,1,520,3,1,0,0,2,0
122,7,0,32,5,3,0,6,14,1
69,9,0,87,8,2,0,6,6,1
13,2,1,894,1,0,0,1,3,0
157,3,0,24,13,1,1,7,13,1
11,2,1,1465,1,0,0,1,0,0
143,6,1,6,13,2,0,7,10,1
48,2,1,1280,0,0,0,0,0,0
44,2,1,1370,3,1,0,1,4,0
105,10,0,15,10,2,1,8,7,1
47,2,1,1592,0,1,0,2,4,0
149,4,0,98,10,2,0,5,14,1
31,1,1,1773,4,1,0,1,0,0
51,1,1,1590,1,0,0,0,5,0
187,9,1,69,13,5,1,5,2,1
38,1,1,752,0,1,0,2,0,0
17,2,1,237,4,0,0,1,1,0
30,2,1,498,4,0,0,0,4,0
68,10,1,50,9,5,1,8,9,1
24,2,1,548,0,1,0,0,5,0
106,10,0,2,12,5,1,9,13,1
34,2,1,690,1,0,0,2,5,0
60,1,1,983,0,1,0,0,4,0
121,8,1,100,16,3,0,10,10,1
75,6,0,89,16,5,0,9,3,1
174,3,0,39,15,3,1,8,3,1
187,7,1,19,12,4,1,7,12,1
16,1,1,528,3,1,0,1,5,0
14,3,1,239,2,0,0,0,1,0
92,6,0,71,18,5,1,10,2,1
195,6,0,8,10,5,0,9,5,1
21,1,1,1351,1,1,0,2,4,0
45,3,1,345,1,0,0,2,2,0
56,1,1,358,2,1,0,1,5,0
121,5,0,61,7,2,1,8,9,1
30,3,1,655,3,1,0,1,0,0
133,6,0,91,13,1,0,6,7,1
25,1,1,851,4,1,0,1,4,0
172,6,1,60,17,4,1,6,7,1
146,10,1,33,16,2,1,7,10,1
162,5,1,46,5,5,1,3,7,1
98,7,1,71,11,5,1,3,6,1
39,1,1,576,2,1,0,1,4,0
51,3,1,1934,0,0,0,0,3,0
11,1,1,769,0,0,0,0,1,0
38,3,1,1587,3,1,0,0,2,0
96,3,1,94,5,1,0,8,9,1
195,10,0,15,20,4,1,3,9,1
42,2,1,371,2,1,0,2,4,0
54,3,1,412,0,1,0,1,5,0
139,3,0,70,20,1,1,3,5,1
155,8,1,50,12,4,0,6,15,1
50,3,1,403,1,0,0,1,5,0
100,3,1,53,6,4,0,3,15,1
185,9,0,69,8,5,0,3,2,1
25,3,1,286,4,1,0,0,3,0
71,5,0,92,10,1,1,3,3,1
49,2,1,1211,2,1,0,0,4,0
60,9,0,77,16,4,1,10,10,1
26,3,1,1224,0,1,0,1,4,0
113,7,1,37,15,4,0,7,3,1
72,7,1,72,16,3,0,8,7,1
23,2,1,330,2,1,0,2,0,0
38,3,1,1591,2,0,0,2,3,0
60,1,1,1544,4,0,0,1,5,0
141,5,1,2,11,3,0,7,5,1
56,4,0,53,18,1,0,5,6,1
81,6,1,69,17,4,1,3,5,1
29,1,1,1525,1,1,0,1,3,0
120,5,1,72,12,1,0,9,2,1
19,1,1,256,4,1,0,1,3,0
77,7,1,85,16,4,0,5,9,1
185,8,1,90,12,3,0,3,2,1
11,3,1,1706,4,1,0,0,2,0
55,8,0,10,14,4,0,5,14,1
38,2,1,1472,0,1,0,2,0,0
142,4,0,100,13,3,0,6,6,1
44,2,1,1668,0,0,0,1,5,0
16,1,1,1113,0,0,0,0,3,0
41,2,1,1642,1,1,0,1,1,0
32,1,1,1132,2,1,0,1,4,0
166,5,1,96,9,5,0,5,5,1
40,3,1,1761,5,1,0,0,1,0
102,10,1,80,7,2,1,5,4,1
195,6,0,21,20,3,1,9,12,1
73,5,1,97,7,4,0,9,13,1
119,3,0,64,15,5,0,4,2,1
58,1,1,1990,1,0,0,2,0,0
92,3,1,98,14,3,0,5,4,1
71,7,0,38,17,2,0,3,15,1
133,8,0,5,10,4,1,6,15,1
28,2,1,826,4,0,0,1,3,0
51,3,1,1361,0,0,0,1,2,0
56,8,0,2,17,2,1,6,5,1
75,4,1,6,9,4,1,3,14,1
158,10,1,80,8,5,1,10,15,1
51,2,1,756,0,0,0,0,3,0
27,2,1,1181,4,0,0,1,5,0
36,3,1,807,1,1,0,1,5,0
16,3,1,228,3,1,0,0,3,0
153,7,1,93,20,2,1,10,10,1
36,1,1,1523,0,1,0,1,1,0
46,2,1,1737,1,0,0,0,5,0
104,8,1,34,18,2,1,9,2,1
37,1,1,1621,2,0,0,0,4,0
192,6,0,1,12,3,1,9,10,1
186,10,1,94,10,3,0,8,7,1
54,2,1,374,4,0,0,0,3,0
65,9,0,83,19,2,1,8,7,1
90,8,0,83,15,5,1,3,3,1
79,5,0,20,9,4,0,3,13,1
27,2,1,1125,5,0,0,0,0,0
105,5,1,4,6,3,1,7,8,1
101,8,1,31,18,1,0,8,2,1
56,3,0,12,7,1,1,5,7,1
26,3,1,997,0,0,0,2,1,0
26,1,1,378,2,1,0,1,2,0
43,3,1,484,5,1,0,0,1,0
128,6,1,89,11,1,0,10,7,1
54,9,1,61,11,1,1,5,12,1
151,8,0,6,13,3,1,7,15,1
24,2,1,1708,1,0,0,0,0,0
90,8,0,51,12,3,0,4,10,1
114,4,0,2,14,3,0,5,7,1
55,9,0,96,10,3,0,9,7,1
24,3,1,1659,5,0,0,2,2,0
192,9,1,44,14,2,1,5,7,1
171,7,1,3,16,2,0,7,5,1
181,6,0,2,6,3,1,9,7,1
37,3,1,765,2,1,0,2,2,0
52,1,1,1134,1,0,0,2,3,0
175,6,0,99,15,4,0,5,15,1
38,1,1,1073,2,0,0,2,3,0
24,3,1,1929,4,1,0,1,4,0
140,4,0,7,13,1,0,6,7,1
17,2,1,461,0,1,0,0,1,0
87,9,0,27,14,4,0,7,6,1
40,3,1,1584,1,1,0,0,1,0
15,1,1,1312,3,0,0,0,4,0
51,2,1,1865,0,0,0,2,2,0
49,3,1,1008,5,1,0,1,0,0
52,2,1,569,5,0,0,0,1,0
172,6,1,91,5,1,1,8,6,1
60,3,1,1740,5,1,0,2,5,0
56,8,1,61,12,1,1,9,11,1
18,1,1,1056,5,0,0,2,3,0
142,3,0,16,11,5,1,5,15,1
50,2,1,312,5,0,0,2,2,0
188,8,0,69,11,1,0,4,3,1
95,4,0,28,7,2,1,10,9,1
27,3,1,577,4,0,0,2,5,0
20,3,1,1537,2,1,0,0,3,0
177,4,0,17,16,5,0,8,3,1
43,2,1,813,3,0,0,2,5,0
31,1,1,783,5,1,0,2,3,0
34,1,1,777,0,0,0,1,3,0
136,10,1,78,12,3,0,4,11,1
15,3,1,575,5,0,0,1,5,0
162,7,1,17,6,3,0,3,12,1
31,1,1,1123,0,0,0,2,0,0
61,4,0,79,13,3,1,6,15,1
106,6,0,23,20,1,0,9,13,1
103,9,0,74,7,5,1,7,8,1
33,1,1,772,3,1,0,1,5,0
101,9,0,19,20,1,0,9,5,1
57,2,1,1541,5,0,0,2,3,0
48,3,1,1427,0,1,0,1,5,0
109,3,1,2,14,3,0,6,8,1
46,1,1,514,1,0,0,1,2,0
34,1,1,847,1,0,0,1,5,0
185,10,1,17,18,1,0,9,10,1
120,8,0,98,16,4,0,9,14,1
162,6,0,23,19,2,1,7,12,1
100,7,1,25,10,1,1,8,14,1
192,10,0,5,13,3,0,8,7,1
35,3,1,219,0,1,0,0,5,0
184,10,0,98,17,5,0,4,8,1
18,3,1,230,5,0,0,2,5,0
196,4,1,63,15,1,1,6,15,1
167,7,0,1,7,4,1,10,13,1
79,10,0,45,15,1,1,3,10,1
133,5,0,33,17,1,0,6,9,1
52,2,1,1721,0,0,0,1,2,0
139,9,0,17,17,2,0,5,15,1
175,3,0,18,13,4,0,10,9,1
62,9,0,11,5,3,1,4,3,1
41,1,1,924,5,1,0,0,0,0
13,1,1,535,3,1,0,0,4,0
96,5,1,90,10,5,0,3,15,1
165,6,1,100,17,1,0,5,12,1
191,4,1,7,5,3,1,4,2,1
63,8,0,92,9,4,1,6,9,1
171,9,0,23,6,5,0,3,10,1
107,7,0,74,14,1,0,8,9,1
80,10,0,88,19,3,1,8,8,1
12,2,1,1059,3,1,0,1,3,0
118,10,0,25,11,5,1,5,14,1
100,7,1,54,14,2,0,4,2,1
132,8,1,25,19,3,0,10,9,1
54,2,1,1996,0,0,0,0,5,0
118,3,1,61,20,4,0,6,10,1
89,5,0,56,20,3,1,7,14,1
143,8,1,17,9,5,1,3,9,1
98,7,0,69,11,4,1,7,13,1
18,1,1,1779,2,0,0,1,4,0
168,4,0,29,20,4,1,10,6,1
57,8,0,42,9,1,1,4,5,1
95,7,0,81,19,4,0,8,15,1
134,9,0,23,12,4,1,4,8,1
34,3,1,1474,0,0,0,1,5,0
196,5,1,100,14,5,1,10,5,1
18,1,1,1676,2,0,0,0,4,0
153,10,0,30,13,4,0,7,11,1
87,9,1,39,18,4,1,5,6,1
52,1,1,922,1,1,0,2,4,0
46,2,1,1145,4,0,0,0,5,0
31,3,1,1897,2,0,0,2,4,0
172,8,1,98,11,5,0,3,8,1
47,1,1,273,3,0,0,2,4,0
77,3,1,33,18,5,0,7,2,1
70,8,1,65,5,1,1,5,4,1
138,3,0,57,18,2,0,3,14,1
142,7,0,84,10,5,1,7,8,1
193,4,0,18,13,2,0,6,10,1
40,3,1,1343,3,1,0,0,0,0
199,9,0,96,7,2,0,5,15,1
128,9,0,29,16,1,0,5,14,1
26,3,1,1801,3,0,0,0,3,0
20,1,1,1480,0,1,0,1,0,0
53,2,1,979,1,0,0,2,3,0
58,1,1,711,1,1,0,2,0,0
162,5,0,84,14,1,0,3,12,1
158,5,1,86,11,3,1,9,7,1
40,2,1,318,3,1,0,2,3,0
182,8,0,1,6,3,0,3,15,1
12,1,1,1975,5,0,0,2,0,0
103,6,1,90,5,3,1,3,6,1
102,3,0,91,10,1,0,3,10,1
100,6,0,44,13,1,0,5,12,1
135,9,0,41,8,1,1,3,11,1
70,5,0,22,8,1,0,4,3,1
154,10,1,41,9,3,1,4,8,1
108,7,1,15,11,3,0,5,2,1
35,3,1,1406,2,1,0,1,5,0
76,10,0,4,13,5,0,7,8,1
84,7,0,67,6,2,0,9,11,1
102,5,1,50,17,2,0,10,7,1
52,5,1,52,18,5,0,4,5,1
20,3,1,279,0,1,0,1,3,0
109,6,0,37,20,2,1,5,7,1
96,3,0,11,20,4,1,8,6,1
152,4,0,34,9,1,0,4,3,1
56,2,1,1717,5,1,0,0,3,0
171,3,0,14,13,3,1,10,10,1
36,2,1,1790,2,0,0,0,1,0
175,9,1,8,9,2,0,8,11,1
97,9,1,25,19,1,0,3,13,1
168,9,0,82,7,5,0,4,12,1
49,2,1,974,2,0,0,1,1,0
181,8,1,87,18,1,0,8,10,1
51,6,1,62,19,3,1,10,8,1
126,4,0,60,12,4,1,7,5,1
191,9,0,34,12,5,1,10,12,1
88,8,1,93,14,4,0,4,10,1
111,3,1,29,16,4,0,10,4,1
47,3,1,1412,3,0,0,2,5,0
52,3,1,481,1,1,0,2,1,0
56,1,1,1614,4,0,0,1,5,0
21,1,1,1926,5,0,0,0,5,0
180,4,1,2,11,5,0,8,5,1
13,2,1,1175,0,1,0,2,5,0
35,1,1,1913,0,0,0,2,1,0
24,2,1,942,0,1,0,1,5,0
97,8,1,59,18,1,1,10,11,1
162,6,0,70,20,2,0,3,7,1
51,4,0,11,14,5,0,10,14,1
181,5,1,43,15,1,0,9,7,1
51,3,1,485,5,1,0,0,1,0
118,9,1,85,10,4,0,6,7,1
55,4,0,19,17,2,1,10,7,1
123,8,1,50,17,3,0,10,5,1
25,3,1,991,4,1,0,0,4,0
43,3,1,535,5,0,0,0,2,0
193,4,0,61,10,2,1,6,12,1
29,3,1,1964,2,0,0,1,4,0
55,1,1,547,5,1,0,1,3,0
31,2,1,694,0,0,0,1,3,0
120,5,0,88,9,5,1,4,12,1
36,3,1,1592,4,1,0,0,2,0
39,3,1,509,1,0,0,0,2,0
110,4,0,34,12,1,1,3,3,1
48,1,1,755,3,1,0,1,1,0
17,1,1,374,3,0,0,0,5,0
49,2,1,1190,4,1,0,1,0,0
77,8,1,86,7,3,0,9,3,1
39,3,1,826,2,1,0,1,1,0
156,9,0,17,19,3,1,5,2,1
160,5,1,95,20,3,1,8,3,1
91,10,0,55,9,5,0,4,6,1
117,8,0,8,6,3,0,6,6,1
53,1,1,1884,5,1,0,0,2,0
52,3,1,1305,0,0,0,0,1,0
73,3,1,80,13,3,0,6,11,1
22,1,1,358,0,1,0,1,4,0
29,3,1,807,1,1,0,1,2,0
46,1,1,1767,0,0,0,1,5,0
181,5,1,81,6,2,1,8,9,1
60,2,1,542,0,0,0,1,3,0
17,2,1,213,2,0,0,0,1,0
59,2,1,1582,3,1,0,0,1,0
16,1,1,516,1,1,0,0,5,0
30,3,1,864,2,1,0,2,2,0
55,3,1,1187,2,1,0,0,1,0
59,2,1,461,0,0,0,1,0,0
48,2,1,1738,1,1,0,2,2,0
115,4,1,89,13,5,1,9,6,1
128,4,1,26,8,1,1,9,12,1
126,4,0,98,11,2,0,6,7,1
30,1,1,1821,0,0,0,0,1,0
58,3,0,83,15,4,1,5,15,1
124,7,0,81,7,5,0,10,3,1
59,8,1,30,17,1,0,7,12,1
64,9,0,23,9,3,0,10,3,1
37,3,1,1500,0,1,0,1,3,0
53,3,1,1448,4,1,0,0,0,0
28,2,1,1485,0,0,0,0,4,0
130,7,1,32,18,4,0,6,11,1
190,5,1,32,9,1,1,7,4,1
16,3,1,480,3,1,0,1,4,0
161,9,1,40,16,2,0,5,10,1
18,1,1,1386,0,0,0,2,3,0
34,1,1,821,2,0,0,0,0,0
49,1,1,1482,0,1,0,2,0,0
35,3,1,972,4,1,0,1,1,0
18,3,1,1399,5,1,0,1,0,0
150,5,0,81,6,2,0,3,12,1
116,6,1,82,10,5,1,6,9,1
49,2,1,517,0,1,0,1,5,0
22,2,1,256,5,0,0,2,0,0
101,3,1,67,20,4,1,3,11,1
74,7,1,17,13,2,1,8,5,1
27,3,1,1324,1,0,0,0,4,0
103,10,1,82,11,1,1,7,4,1
41,3,1,751,4,1,0,2,0,0
43,3,1,676,1,0,0,0,2,0
82,4,0,45,6,1,0,9,9,1
54,10,0,24,14,5,1,9,11,1
53,3,1,966,3,0,0,0,4,0
143,5,1,47,9,3,1,10,12,1
88,7,0,19,20,2,0,4,6,1
19,1,1,436,1,1,0,0,2,0
110,5,1,18,11,1,1,9,11,1
192,9,1,36,12,4,0,7,12,1
25,2,1,746,2,0,0,1,4,0
77,9,0,13,8,5,1,8,15,1
199,5,1,76,18,5,1,6,4,1
101,9,1,58,10,3,1,3,9,1
60,10,1,43,15,3,0,6,10,1
192,6,0,20,6,5,1,9,5,1
149,6,0,54,14,5,0,6,11,1
197,10,0,25,15,5,0,4,14,1
28,2,1,392,1,0,0,0,3,0
85,7,0,77,19,3,0,8,14,1
60,3,1,1164,5,0,0,2,1,0
11,2,1,1845,1,0,0,1,0,0
117,6,0,76,11,4,0,8,9,1
51,6,0,100,9,4,1,10,15,1
115,6,1,27,14,4,1,3,6,1
184,3,1,65,20,4,0,7,7,1
19,2,1,1150,1,1,0,1,4,0
52,7,0,98,16,1,1,7,12,1
18,1,1,389,2,1,0,2,4,0
102,7,1,70,7,4,1,9,5,1
20,1,1,265,2,0,0,2,3,0
148,5,0,18,5,3,0,10,11,1
50,1,1,1107,4,1,0,1,1,0
47,1,1,500,1,1,0,0,0,0
159,7,1,8,5,5,0,8,9,1
70,8,0,79,13,2,1,10,10,1
38,1,1,1795,2,0,0,0,3,0
59,9,0,71,6,4,1,3,2,1
10,1,1,767,4,1,0,2,1,0
142,9,1,93,10,5,1,7,10,1
62,6,1,67,11,1,0,8,12,1
153,5,1,10,16,2,0,3,14,1
162,6,0,21,17,1,0,6,8,1
196,3,1,11,17,5,0,3,7,1
40,2,1,1165,4,0,0,0,4,0
187,4,1,34,6,1,1,8,7,1
44,3,1,1724,0,0,0,0,3,0
62,10,0,26,15,4,1,7,9,1
190,8,0,52,14,1,0,8,10,1
130,5,0,83,9,2,0,9,6,1
21,1,1,1391,2,0,0,2,5,0
29,3,1,245,2,1,0,1,0,0
40,3,1,1644,3,1,0,2,1,0
193,3,0,88,15,1,0,5,7,1
164,8,0,36,6,1,1,4,4,1
51,5,1,20,11,1,1,4,14,1
34,3,1,914,4,1,0,2,3,0
129,4,0,85,10,2,1,5,12,1
165,9,0,74,17,1,1,5,4,1
175,6,1,87,16,5,0,7,10,1
62,4,1,10,8,4,1,4,15,1
55,2,1,1676,1,0,0,2,1,0
135,5,1,5,5,4,1,7,5,1
33,3,1,1763,5,1,0,1,2,0
29,1,1,1700,1,1,0,2,5,0
106,9,0,71,11,3,1,6,14,1
33,3,1,1672,2,0,0,0,5,0
197,8,0,5,19,5,1,7,2,1
39,3,1,554,2,1,0,0,1,0
115,7,0,17,14,3,0,4,4,1
118,10,0,97,13,3,1,7,5,1
179,7,1,48,12,5,1,5,11,1
98,9,1,71,16,4,0,6,7,1
18,3,1,957,4,0,0,2,1,0
35,3,1,1655,0,1,0,0,5,0
47,3,1,633,4,0,0,0,0,0
16,3,1,1792,3,1,0,1,3,0
151,7,1,24,6,4,0,6,2,1
53,1,1,838,1,0,0,0,0,0
36,1,1,1366,4,1,0,2,4,0
42,3,1,1879,3,0,0,0,5,0
52,1,1,466,2,0,0,0,0,0
48,2,1,314,2,0,0,0,0,0
30,3,1,1410,5,1,0,1,5,0
48,2,1,1364,3,1,0,1,1,0
62,4,0,87,11,5,0,7,10,1
128,8,1,2,13,5,1,8,4,1
42,3,1,1992,0,1,0,0,5,0
62,7,1,1,15,3,0,7,5,1
55,1,1,1693,2,0,0,2,4,0
34,3,1,833,5,0,0,1,3,0
53,1,1,1785,3,1,0,2,2,0
137,4,0,59,12,3,0,3,2,1
20,1,1,1855,0,1,0,1,0,0
87,7,1,55,16,5,1,6,8,1
25,1,1,1120,3,0,0,1,4,0
15,3,1,250,1,0,0,1,2,0
37,1,1,1682,1,0,0,2,4,0
101,7,0,28,8,1,0,10,10,1
148,7,0,75,7,3,1,6,14,1
29,1,1,478,1,1,0,2,0,0
52,2,1,1837,2,0,0,0,1,0
44,1,1,388,4,0,0,0,3,0
55,3,1,1356,4,0,0,0,3,0
31,3,1,486,2,0,0,0,1,0
142,3,0,29,8,4,0,10,3,1
50,1,1,475,2,1,0,2,0,0
169,9,1,5,12,3,0,4,7,1
56,1,1,627,1,0,0,2,5,0
131,7,1,58,8,2,0,7,12,1
87,5,1,19,13,5,1,5,14,1
192,4,1,15,18,4,0,4,9,1
163,8,0,24,8,2,1,4,13,1
96,5,0,98,11,4,1,4,13,1
59,3,1,1034,4,1,0,1,5,0
14,2,1,539,3,1,0,0,0,0
128,7,0,86,19,4,1,10,11,1
68,10,0,90,19,4,0,4,10,1
170,10,0,74,13,4,0,5,15,1
87,5,0,71,11,2,0,8,13,1
29,2,1,489,4,0,0,1,0,0
175,3,0,61,5,3,0,5,15,1
27,1,1,1117,0,0,0,2,2,0
37,1,1,1540,3,0,0,2,4,0
199,6,0,51,20,2,1,8,9,1
104,9,0,80,17,2,1,6,2,1
76,3,1,25,16,5,1,9,12,1
46,1,1,1176,4,1,0,2,5,0
173,8,1,53,15,1,0,5,14,1
14,1,1,609,4,1,0,0,0,0
52,2,1,1373,2,0,0,2,0,0
57,1,1,1607,4,0,0,2,0,0
152,5,1,38,16,5,1,3,2,1
67,10,0,72,19,3,0,8,5,1
75,3,1,76,18,2,0,9,13,1
113,4,0,99,16,5,1,8,7,1
22,1,1,1473,3,0,0,0,2,0
141,9,0,36,16,4,1,8,5,1
79,8,0,72,13,1,0,10,15,1
121,8,1,13,6,3,1,9,3,1
13,1,1,1385,5,1,0,0,4,0
40,2,1,1876,5,0,0,1,0,0
94,9,0,15,15,5,1,8,4,1
16,3,1,1825,0,0,0,0,5,0
135,5,1,27,20,1,1,6,10,1
173,6,0,23,19,2,0,4,15,1
37,3,1,419,1,0,0,1,2,0
93,3,0,2,17,4,0,3,4,1
13,1,1,390,4,1,0,2,4,0
156,6,1,5,6,3,1,8,5,1
154,5,1,75,18,2,0,4,8,1
80,5,0,82,14,5,1,9,9,1
138,5,0,49,18,1,0,3,11,1
44,1,1,1851,0,1,0,1,5,0
28,1,1,1535,2,0,0,2,2,0
83,10,0,20,5,4,0,9,13,1
138,8,1,14,8,3,0,8,15,1
150,9,0,43,6,4,0,5,14,1
33,2,1,314,0,0,0,0,0,0
58,3,1,482,4,1,0,2,1,0
61,8,0,93,12,1,1,9,9,1
23,2,1,500,3,0,0,2,1,0
134,6,1,76,13,5,0,3,15,1
54,1,1,1845,5,0,0,2,3,0
88,10,0,2,8,1,1,3,4,1
59,3,1,905,4,0,0,1,3,0
18,3,1,1704,5,1,0,2,5,0
44,3,1,343,5,0,0,0,3,0
34,1,1,1972,0,0,0,0,1,0
58,1,1,898,3,1,0,0,1,0
159,7,0,23,14,4,1,9,3,1
51,3,1,1276,5,0,0,0,2,0
76,3,1,53,8,5,0,3,6,1
152,6,1,76,15,4,1,4,2,1
19,1,1,678,3,1,0,1,1,0
15,3,1,940,5,0,0,1,5,0
42,2,1,697,0,1,0,2,2,0
54,2,1,1964,3,1,0,2,2,0
197,10,1,95,17,5,0,5,4,1
96,10,0,55,13,3,1,9,9,1
147,5,0,23,14,2,1,3,14,1
53,1,1,494,5,1,0,2,4,0
80,10,1,33,8,2,0,10,5,1
54,1,1,1934,1,1,0,2,0,0
12,3,1,1634,2,0,0,1,2,0
28,1,1,593,1,1,0,2,1,0
103,3,1,67,17,5,0,7,4,1
39,2,1,1454,3,1,0,1,0,0
67,7,0,29,13,3,0,4,10,1
116,7,1,100,20,2,1,4,13,1
196,3,0,11,5,5,1,6,4,1
51,3,1,216,5,0,0,0,2,0
59,2,1,373,3,1,0,0,0,0
150,9,0,11,17,3,1,6,15,1
153,6,1,52,17,4,1,8,9,1
123,8,0,47,11,4,0,8,14,1
75,8,1,99,20,1,1,9,14,1
15,3,1,628,2,1,0,2,2,0
44,2,1,1274,3,1,0,1,2,0
25,3,1,1276,5,1,0,1,3,0
179,10,0,12,17,1,1,9,7,1
22,3,1,1039,4,1,0,0,2,0
110,10,0,63,17,3,1,4,8,1
14,3,1,799,3,1,0,0,2,0
117,10,0,61,19,5,0,7,14,1
120,3,1,28,19,2,0,8,2,1
40,3,1,1405,5,0,0,0,1,0
40,1,1,1852,1,1,0,1,5,0
85,10,1,68,14,5,1,3,14,1
134,4,1,97,5,2,0,4,10,1
46,2,1,1684,2,0,0,0,4,0
167,6,0,58,17,4,0,10,8,1
175,3,0,63,11,4,0,10,2,1
165,10,1,28,10,1,0,7,12,1
146,6,0,25,9,4,1,3,12,1
164,3,1,65,7,3,1,10,5,1
38,2,1,1368,5,1,0,0,3,0
38,1,1,818,2,0,0,1,0,0
57,5,0,24,20,5,1,9,4,1
38,2,1,838,0,1,0,1,3,0
63,4,0,39,19,5,0,5,13,1
81,4,1,87,7,1,1,6,12,1
44,2,1,1407,3,1,0,0,3,0
32,3,1,1152,4,1,0,2,3,0
54,2,1,1898,1,0,0,2,4,0
48,3,1,1816,3,1,0,2,4,0
115,8,1,89,10,4,1,7,9,1
167,9,1,34,12,4,1,4,15,1
98,8,1,32,18,1,1,5,4,1
175,6,0,86,19,4,0,9,3,1
12,2,1,1368,5,0,0,1,1,0
131,8,0,94,16,1,0,6,4,1
53,10,0,86,17,1,0,3,6,1
120,7,0,43,19,4,0,8,5,1
172,8,0,17,7,1,0,5,10,1
56,3,1,883,3,1,0,2,4,0
24,2,1,1224,0,0,0,0,2,0
110,3,0,5,8,2,1,9,13,1
20,3,1,1897,0,0,0,2,2,0
38,2,1,431,5,1,0,2,2,0
60,3,1,680,1,0,0,2,1,0
32,1,1,1464,1,1,0,0,1,0
43,1,1,462,0,0,0,1,3,0
127,7,0,50,15,5,1,10,14,1
188,8,1,28,17,1,1,9,13,1
173,5,0,62,9,3,1,10,3,1
164,9,1,46,7,4,0,5,11,1
47,3,1,1943,2,0,0,0,0,0
73,8,0,88,11,3,0,9,6,1
170,9,1,80,13,4,0,6,13,1
35,3,1,1356,0,1,0,0,4,0
193,6,0,55,18,1,0,6,4,1
26,1,1,614,2,0,0,0,0,0
52,3,1,942,1,1,0,0,3,0
37,1,1,1518,2,1,0,1,1,0
68,8,0,13,8,3,0,10,11,1
189,5,0,84,19,1,0,10,3,1
14,3,1,1426,0,0,0,0,1,0
53,3,1,621,4,0,0,2,0,0
69,7,0,2,14,5,0,9,8,1
118,3,0,12,19,3,0,9,7,1
90,7,1,39,13,2,0,4,7,1
16,2,1,401,4,1,0,1,5,0
25,3,1,711,3,1,0,1,4,0
23,3,1,1805,3,1,0,2,1,0
160,8,1,63,14,1,1,5,6,1
29,3,1,1299,3,0,0,2,3,0
91,6,0,18,7,3,0,5,15,1
35,2,1,700,0,0,0,1,2,0
31,1,1,950,4,0,0,1,1,0
194,10,0,44,13,3,0,9,10,1
28,1,1,867,4,0,0,0,5,0
17,1,1,576,5,0,0,1,1,0
167,4,0,75,13,4,1,8,5,1
129,5,1,63,16,3,1,8,9,1
184,8,0,80,13,2,0,8,10,1
63,10,0,28,16,1,1,4,10,1
85,10,0,93,7,4,1,3,14,1
177,8,1,17,11,1,1,5,7,1
37,3,1,1082,5,0,0,1,3,0
78,6,0,76,14,2,0,8,15,1
31,3,1,559,5,0,0,1,0,0
198,4,1,88,13,1,0,5,8,1
55,2,1,1635,3,1,0,0,1,0
140,5,0,64,16,1,1,10,15,1
176,9,0,75,16,1,1,6,11,1
55,1,1,1673,4,1,0,1,1,0
27,3,1,1398,0,0,0,0,1,0
34,1,1,1328,1,0,0,1,3,0
57,2,1,1981,5,1,0,0,0,0
113,4,0,62,16,1,0,5,9,1
42,2,1,1453,4,1,0,1,0,0
47,1,1,433,4,1,0,2,3,0
41,3,1,1830,3,0,0,0,5,0
138,10,0,58,8,1,0,9,4,1
22,3,1,613,3,0,0,0,0,0
105,8,0,89,18,1,0,5,7,1
46,3,1,350,2,0,0,0,3,0
132,7,1,29,5,4,1,9,6,1
57,2,1,1720,3,1,0,2,5,0
12,2,1,1948,0,0,0,2,3,0
46,1,1,1611,1,1,0,0,3,0
165,4,0,37,15,2,0,6,4,1
49,2,1,892,5,0,0,1,2,0
55,3,1,1024,4,1,0,0,1,0
39,1,1,546,4,1,0,1,0,0
28,2,1,1286,3,1,0,1,3,0
182,3,1,69,12,1,0,4,7,1
137,10,0,71,19,3,0,10,6,1
18,3,1,803,4,1,0,2,1,0
89,10,1,68,8,2,0,6,6,1
77,4,0,65,20,5,1,10,10,1
25,3,1,1202,3,0,0,2,1,0
20,3,1,543,1,0,0,1,0,0
61,9,0,63,16,3,0,4,6,1
196,3,1,80,19,3,1,8,11,1
48,3,1,606,1,1,0,1,4,0
27,3,1,471,1,1,0,2,3,0
13,3,1,1228,3,0,0,2,5,0
108,6,1,68,20,4,1,3,13,1
13,3,1,1341,0,0,0,0,0,0
45,3,1,592,0,0,0,2,4,0
101,6,1,90,19,1,0,6,3,1
20,1,1,1506,1,0,0,0,4,0
58,1,1,1180,5,1,0,2,3,0
154,6,1,77,10,4,1,6,5,1
43,1,1,570,3,1,0,2,5,0
184,5,0,35,7,2,1,8,6,1
36,3,1,825,1,1,0,0,2,0
16,3,1,1428,2,0,0,1,5,0
15,3,1,1384,1,0,0,0,1,0
100,9,0,78,7,2,0,9,15,1
52,6,1,43,5,1,1,6,14,1
51,1,1,678,0,0,0,2,5,0
55,1,1,490,2,0,0,0,3,0
74,3,0,13,7,1,0,8,2,1
62,4,0,71,12,2,1,7,8,1
44,3,1,1309,3,0,0,1,2,0
48,3,1,1820,4,0,0,1,5,0
56,2,1,1590,5,0,0,1,3,0
73,9,0,6,7,4,1,5,2,1
47,2,1,753,2,0,0,0,5,0
107,7,0,87,5,4,0,3,15,1
157,9,1,9,15,5,0,9,9,1
58,2,1,1863,4,0,0,1,1,0
13,3,1,1237,2,1,0,0,4,0
21,3,1,859,0,0,0,1,1,0
27,3,1,1640,4,1,0,1,5,0
10,1,1,1709,1,1,0,2,1,0
54,3,1,257,1,1,0,2,1,0
98,8,1,53,13,3,0,6,11,1
167,3,0,27,19,1,1,6,15,1
197,6,0,90,11,1,1,10,2,1
39,2,1,1036,3,1,0,0,3,0
32,3,1,1435,3,0,0,0,1,0
174,3,1,83,11,2,0,3,4,1
200,4,0,60,19,1,1,8,11,1
98,8,0,55,19,3,0,8,15,1
61,10,0,42,16,2,1,5,11,1
24,1,1,484,4,0,0,0,0,0
14,1,1,288,1,1,0,0,5,0
108,9,0,71,16,5,0,7,13,1
66,7,1,38,14,2,0,8,2,1
26,1,1,1533,1,1,0,2,3,0
104,4,0,28,13,1,1,4,7,1
21,1,1,631,4,1,0,2,2,0
40,2,1,1011,4,1,0,2,4,0
167,6,1,90,11,2,1,4,14,1
48,1,1,1596,1,0,0,1,3,0
181,8,1,75,18,4,0,9,15,1
190,10,0,96,7,1,1,4,6,1
114,9,0,40,5,3,0,5,9,1
59,3,0,52,20,2,1,6,3,1
48,3,1,1012,3,1,0,2,3,0
14,3,1,1531,3,1,0,2,3,0
122,5,0,90,16,3,0,4,4,1
10,1,1,1844,4,0,0,2,5,0
120,8,0,37,7,2,1,3,13,1
55,6,0,72,9,4,1,9,4,1
60,3,1,386,0,0,0,1,4,0
57,1,1,1597,3,1,0,1,1,0
162,6,1,9,6,3,0,3,9,1
52,1,1,1696,4,0,0,2,4,0
52,6,0,3,10,4,1,10,3,1
167,10,1,15,15,3,1,9,13,1
65,9,1,89,18,2,1,7,15,1
14,1,1,1892,3,0,0,2,1,0
198,10,0,55,7,4,1,6,5,1
41,1,1,1326,0,0,0,2,4,0
136,6,1,27,18,2,1,8,3,1
51,2,1,271,1,1,0,0,0,0
35,3,1,1515,0,0,0,2,4,0
56,2,1,1852,5,0,0,1,0,0
127,4,1,3,13,4,1,7,6,1
176,4,1,25,19,3,1,3,12,1
68,10,0,30,7,4,0,5,15,1
115,4,0,21,11,1,0,9,11,1
10,2,1,1302,4,1,0,2,4,0
142,6,1,24,12,3,0,5,8,1
68,4,0,31,7,1,0,3,14,1
118,3,1,96,11,4,0,4,9,1
92,8,0,48,19,2,1,4,5,1
29,2,1,985,4,0,0,1,3,0
151,4,1,1,20,1,0,4,14,1
47,3,1,1758,1,1,0,1,1,0
39,3,1,736,5,1,0,0,4,0
57,1,1,1668,4,0,0,1,2,0
53,3,1,86,19,1,0,8,5,1
161,9,0,29,9,4,1,8,13,1
49,1,1,1546,1,0,0,0,0,0
55,3,1,926,5,1,0,1,1,0
40,2,1,830,3,0,0,0,1,0
43,1,1,1326,1,0,0,0,4,0
71,7,1,64,8,5,0,7,10,1
37,2,1,401,0,0,0,2,4,0
149,4,1,81,17,1,0,9,9,1
184,10,1,22,10,4,0,3,6,1
132,7,1,59,8,3,0,6,9,1
185,4,1,23,17,2,0,3,13,1
63,5,0,4,15,2,1,6,7,1
29,1,1,1559,0,1,0,1,3,0
138,3,1,28,6,1,1,9,2,1
30,3,1,470,1,1,0,1,1,0
27,1,1,701,3,0,0,2,2,0
31,3,1,554,1,0,0,2,0,0
165,3,0,15,6,1,1,10,10,1
20,1,1,1989,2,1,0,2,5,0
90,4,1,79,12,5,0,9,14,1
107,8,0,43,11,3,1,10,3,1
34,3,1,523,0,1,0,0,2,0
59,1,1,1964,0,0,0,0,4,0
130,8,1,69,16,1,1,5,10,1
11,3,1,1776,1,1,0,0,3,0
21,3,1,419,3,1,0,1,0,0
11,2,1,1702,5,1,0,0,4,0
145,4,0,47,11,2,0,7,3,1
15,3,1,1356,1,0,0,2,5,0
47,1,1,329,2,1,0,1,4,0
57,1,1,225,1,0,0,1,1,0
49,1,1,1928,0,1,0,1,1,0
172,7,0,21,9,1,1,6,4,1
32,3,1,755,3,0,0,2,1,0
147,7,0,43,12,4,1,7,2,1
41,1,1,1532,2,1,0,1,0,0
99,4,1,49,19,1,1,8,6,1
96,7,0,82,8,2,1,3,10,1
72,4,0,23,7,1,1,9,8,1
85,5,1,80,9,5,0,3,3,1
39,1,1,275,1,1,0,2,0,0
139,6,0,89,7,1,1,9,7,1
143,10,1,4,19,2,1,7,13,1
139,5,1,41,9,5,1,7,9,1
193,6,0,77,5,4,0,4,3,1
14,1,1,441,5,1,0,1,5,0
169,6,1,25,17,2,1,5,14,1
27,1,1,1870,1,1,0,1,4,0
18,1,1,1281,5,1,0,2,3,0
197,5,0,79,8,5,0,3,11,1
26,3,1,1111,5,0,0,1,5,0
173,6,1,96,14,3,0,9,2,1
134,6,1,14,8,3,1,5,2,1
110,3,0,40,11,1,0,8,4,1
44,3,1,874,0,0,0,1,2,0
24,1,1,1102,5,1,0,0,4,0
49,2,1,1517,1,0,0,0,2,0
46,3,1,907,0,0,0,2,1,0
28,3,1,1416,1,0,0,0,5,0
154,6,1,45,11,4,0,9,10,1
26,1,1,399,4,0,0,2,2,0
82,7,0,36,7,4,1,7,15,1
10,2,1,622,4,0,0,0,3,0
115,8,0,8,15,5,0,7,2,1
145,10,0,85,15,5,0,9,11,1
32,3,1,1139,3,1,0,0,4,0
166,5,1,42,16,1,0,7,6,1
51,3,1,383,0,1,0,0,0,0
40,2,1,904,5,1,0,0,0,0
30,2,1,1110,1,0,0,0,1,0
88,9,0,86,9,5,0,6,4,1
12,2,1,1859,4,1,0,2,0,0
60,7,1,75,18,5,1,7,13,1
20,3,1,1623,3,1,0,1,2,0
142,8,0,75,11,3,1,6,3,1
59,7,1,22,8,4,1,4,12,1
54,2,1,1396,4,0,0,1,5,0
180,3,0,20,6,3,0,8,12,1
36,3,1,450,1,0,0,0,0,0
68,4,0,63,12,3,1,10,8,1
156,10,0,1,20,3,1,10,9,1
118,9,0,55,17,5,1,3,15,1
68,8,0,41,7,4,0,10,6,1
121,3,0,54,13,5,1,7,12,1
15,1,1,231,1,0,0,2,4,0
49,1,1,1881,5,1,0,1,0,0
90,7,0,36,7,3,1,5,8,1
111,6,1,82,17,5,1,4,12,1
56,2,1,1247,4,1,0,2,5,0
145,4,1,64,18,3,1,9,5,1
111,5,1,5,20,5,1,8,5,1
89,3,0,11,6,4,1,5,13,1
39,2,1,1698,1,1,0,1,5,0
125,10,0,80,16,1,0,3,7,1
45,3,1,311,4,1,0,0,0,0
31,2,1,1267,1,1,0,0,5,0
75,10,1,48,5,2,0,9,15,1
132,7,1,13,5,1,1,4,6,1
127,8,0,50,7,3,0,3,15,1
45,1,1,1681,3,0,0,2,1,0
26,2,1,707,1,0,0,2,5,0
194,8,0,38,20,2,0,6,5,1
22,2,1,1028,1,0,0,2,1,0
28,1,1,1644,5,1,0,1,2,0
90,7,1,15,6,2,0,7,10,1
36,2,1,906,0,1,0,2,1,0
27,1,1,1169,1,0,0,2,0,0
148,6,0,65,8,4,1,10,5,1
124,8,1,53,11,4,0,9,2,1
177,9,1,37,14,3,0,10,2,1
47,1,1,1251,1,0,0,0,0,0
89,6,1,21,7,1,0,7,10,1
55,2,1,1398,3,0,0,1,3,0
84,3,0,9,5,5,0,10,6,1
58,2,1,847,0,1,0,1,4,0
39,3,1,580,2,0,0,2,1,0
182,7,0,1,7,3,1,7,12,1
65,10,1,14,9,3,0,3,7,1
78,3,0,92,11,3,0,7,3,1
49,1,1,249,5,0,0,2,3,0
85,6,0,19,13,5,1,5,13,1
32,3,1,1965,0,1,0,2,4,0
56,8,0,29,5,5,1,7,15,1
157,5,0,98,15,1,0,6,9,1
36,1,1,1213,4,0,0,1,0,0
16,3,1,345,0,1,0,2,1,0
80,5,0,44,15,2,0,6,4,1
15,3,1,1513,3,1,0,0,0,0
180,7,1,27,18,5,1,10,6,1
41,1,1,1307,5,0,0,0,4,0
155,7,1,6,13,1,1,7,3,1
29,3,1,1512,0,1,0,0,3,0
60,3,1,1465,5,1,0,2,0,0
162,5,1,44,9,3,1,9,10,1
65,8,0,64,20,1,0,9,12,1
101,9,1,100,19,2,1,8,5,1
75,9,1,76,7,4,1,7,4,1
20,3,1,234,0,0,0,1,4,0
49,1,1,1383,2,1,0,0,5,0
18,2,1,475,4,0,0,0,0,0
44,1,1,1897,4,1,0,2,0,0
83,8,0,22,15,4,0,7,13,1
112,8,1,70,12,5,1,7,12,1
43,3,1,1297,0,0,0,0,0,0
15,2,1,1738,3,1,0,0,2,0
58,8,0,82,17,5,0,8,5,1
39,2,1,1902,4,0,0,2,2,0
24,1,1,1253,5,0,0,0,1,0
31,1,1,1095,5,1,0,0,0,0
84,4,1,23,17,3,0,8,3,1
50,8,0,99,5,3,0,7,11,1
46,2,1,1606,5,1,0,1,1,0
36,2,1,1690,4,1,0,2,4,0
45,3,1,603,2,1,0,2,1,0
102,3,1,38,7,3,1,6,5,1
75,3,0,58,18,2,1,8,15,1
149,5,0,17,8,2,0,8,11,1
177,8,0,68,20,3,0,7,14,1
187,5,1,51,6,4,0,4,11,1
115,4,1,37,15,3,1,6,4,1
80,5,1,38,6,5,1,6,3,1
56,2,1,1917,0,0,0,1,4,0
38,2,1,537,5,1,0,2,4,0
24,3,1,272,2,0,0,1,3,0
14,3,1,1352,0,1,0,1,4,0
177,4,1,68,15,2,1,4,14,1
125,9,1,16,20,3,1,8,4,1
199,10,1,84,6,3,0,9,13,1
98,9,1,92,5,5,0,6,10,1
40,3,1,1144,3,1,0,0,2,0
21,1,1,556,5,1,0,2,5,0
47,2,1,1692,5,1,0,0,4,0
117,8,0,5,15,3,1,10,3,1
53,3,1,646,1,1,0,2,2,0
26,3,1,1400,1,1,0,2,4,0
44,1,1,1637,1,0,0,2,2,0
18,3,1,544,4,0,0,1,3,0
11,2,1,1556,5,0,0,0,1,0
158,4,0,17,20,4,1,4,14,1
13,3,1,896,0,1,0,0,2,0
39,2,1,1732,3,0,0,1,2,0
52,3,1,1464,1,1,0,1,4,0
134,6,1,79,18,1,0,8,2,1
171,3,1,80,7,1,1,9,2,1
156,7,1,17,8,1,1,5,10,1
51,2,1,1169,1,1,0,0,2,0
154,4,0,61,13,3,0,3,4,1
156,3,0,62,7,4,0,5,7,1
21,2,1,402,1,1,0,1,1,0
35,2,1,1890,1,0,0,2,3,0
149,5,0,44,15,1,1,6,10,1
60,1,1,388,4,0,0,1,1,0
66,8,1,9,19,4,0,5,13,1
37,1,1,1745,2,1,0,0,4,0
35,3,1,1823,1,1,0,2,0,0
191,10,0,14,7,3,0,6,10,1
47,1,1,833,3,1,0,0,3,0
183,8,0,4,11,5,1,4,3,1
47,2,1,1659,3,1,0,1,0,0
50,2,1,1213,0,0,0,2,4,0
39,1,1,536,2,0,0,2,1,0
198,3,0,81,11,5,0,10,2,1
40,1,1,1735,1,1,0,2,5,0
122,10,1,89,7,3,0,7,9,1
16,2,1,541,2,1,0,1,4,0
69,5,1,98,9,1,1,6,12,1
94,8,1,88,13,2,1,8,7,1
136,3,1,73,9,1,0,8,3,1
30,1,1,960,0,0,0,0,4,0
197,6,0,90,8,2,0,6,4,1
173,9,1,58,15,2,1,10,9,1
53,2,1,1191,1,0,0,2,3,0
16,2,1,850,5,1,0,2,0,0
53,3,1,790,5,0,0,0,0,0
185,9,1,44,9,1,1,5,4,1
24,1,1,537,5,1,0,1,3,0
24,3,1,242,0,1,0,0,0,0
63,6,1,45,5,4,0,10,2,1
12,3,1,376,3,0,0,1,3,0
34,1,1,1001,4,1,0,0,1,0
50,1,1,1977,0,1,0,1,0,0
190,9,0,39,7,2,0,8,15,1
32,1,1,1388,0,0,0,2,4,0
131,9,0,63,16,5,1,10,14,1
167,10,0,14,15,1,1,7,14,1
18,2,1,214,1,0,0,2,1,0
28,2,1,940,3,1,0,0,2,0
121,5,0,32,5,2,1,5,3,1
54,9,0,31,13,5,0,8,4,1
128,5,1,63,20,5,1,9,15,1
52,6,1,1,19,3,0,8,2,1
69,9,0,76,16,3,0,3,14,1
196,6,0,93,15,3,1,7,12,1
54,3,1,70,10,3,0,10,12,1
186,5,1,86,13,2,0,3,3,1
62,10,0,68,13,4,1,5,9,1
42,3,1,429,4,0,0,1,0,0
14,1,1,924,0,1,0,1,2,0
127,8,1,42,20,5,1,6,6,1
57,7,1,28,7,2,0,4,15,1
30,3,1,689,4,1,0,2,4,0
54,7,1,8,14,4,1,8,9,1
155,3,0,8,6,1,0,3,7,1
145,8,0,58,10,5,1,4,6,1
14,2,1,973,0,0,0,1,0,0
54,6,1,6,6,5,0,9,9,1
123,9,1,16,6,3,1,8,12,1
86,8,0,13,7,5,0,5,7,1
35,2,1,812,1,0,0,2,5,0
42,1,1,1358,0,0,0,2,4,0
54,4,1,88,6,3,1,8,13,1
31,2,1,913,2,1,0,0,0,0
48,2,1,1292,2,1,0,1,4,0
82,7,0,80,6,5,1,6,7,1
69,3,0,62,20,4,0,8,14,1
162,8,1,83,15,1,1,6,2,1
12,2,1,1050,1,1,0,0,2,0
12,1,1,1104,2,1,0,0,0,0
60,3,1,531,1,0,0,0,0,0
171,10,1,16,11,3,0,9,14,1
44,1,1,1534,4,1,0,1,5,0
36,3,1,1373,2,1,0,2,4,0
161,8,0,63,7,5,1,7,3,1
138,7,1,54,6,1,0,4,15,1
60,1,1,1578,5,1,0,1,5,0
36,3,1,1470,5,0,0,1,1,0
53,3,1,260,2,0,0,0,1,0
51,3,1,923,0,1,0,0,4,0
48,1,1,1974,2,1,0,0,4,0
116,3,0,79,16,1,0,3,15,1
97,10,1,31,15,3,0,3,2,1
189,10,1,82,17,3,0,6,5,1
61,10,0,90,6,4,1,5,9,1
74,7,1,48,19,1,1,3,6,1
42,3,1,893,1,0,0,0,0,0
112,9,1,75,15,4,1,10,9,1
109,4,0,32,5,5,1,7,9,1
185,6,1,30,12,3,0,5,5,1
135,4,0,82,6,3,1,4,13,1
21,2,1,1609,3,0,0,0,4,0
55,3,1,1952,2,1,0,2,2,0
56,10,1,72,19,5,0,9,13,1
17,1,1,1938,1,1,0,1,5,0
53,3,1,1907,2,1,0,1,2,0
113,7,0,98,8,3,1,5,4,1
30,2,1,879,2,1,0,1,5,0
97,3,1,67,15,5,1,5,3,1
189,10,1,82,14,4,0,9,5,1
10,1,1,1893,5,1,0,1,5,0
111,3,1,44,5,2,0,3,4,1
31,2,1,509,4,0,0,1,3,0
22,3,1,1736,2,1,0,1,1,0
16,3,1,1441,5,1,0,0,5,0
20,2,1,1895,2,1,0,2,4,0
22,3,1,1145,2,1,0,2,4,0
32,1,1,948,1,0,0,1,1,0
26,2,1,1395,5,0,0,0,0,0
195,3,1,37,16,4,0,4,5,1
95,8,0,47,18,4,0,9,11,1
166,4,0,85,13,3,0,5,7,1
171,7,0,51,18,4,1,6,2,1
31,3,1,1551,3,0,0,1,4,0
33,1,1,928,5,1,0,1,1,0
180,7,0,51,18,2,0,7,11,1
39,2,1,745,3,0,0,1,1,0
58,1,1,477,0,1,0,1,0,0
53,6,1,11,5,3,1,3,8,1
13,1,1,1034,0,1,0,2,2,0
40,1,1,1448,2,0,0,0,0,0
24,3,1,1614,5,0,0,1,3,0
184,4,0,26,8,1,1,8,11,1
60,2,1,755,1,0,0,1,5,0
98,7,1,31,15,2,1,7,7,1
169,7,0,48,9,5,1,5,9,1
159,4,0,2,10,4,1,7,4,1
104,9,0,62,10,5,1,3,10,1
154,6,1,20,20,2,1,3,9,1
178,8,1,34,8,1,1,10,6,1
56,3,1,17,20,3,1,3,12,1
61,10,1,61,20,5,1,8,13,1
81,8,1,38,17,5,1,9,11,1
37,1,1,201,5,0,0,1,0,0
96,4,1,74,17,2,1,7,5,1
124,4,0,89,14,5,0,10,10,1
42,2,1,1518,0,0,0,0,0,0
163,10,0,18,7,5,0,4,3,1
45,1,1,1330,2,0,0,0,1,0
25,1,1,1655,5,0,0,2,4,0
59,2,1,1948,5,1,0,0,0,0
148,9,1,62,11,1,0,9,4,1
93,5,0,52,9,4,0,3,11,1
73,8,1,18,5,1,0,3,7,1
170,8,0,60,7,5,0,9,8,1
91,6,1,17,17,5,0,10,9,1
156,7,1,2,18,5,0,5,13,1
140,6,0,26,5,1,0,5,11,1
157,4,1,6,6,5,1,8,13,1
197,6,0,44,14,1,1,6,10,1
133,5,0,9,6,3,0,8,7,1
75,10,0,49,5,1,1,4,11,1
147,3,1,47,5,2,0,8,11,1
155,9,0,63,14,2,0,5,12,1
103,9,1,93,6,1,1,5,4,1
144,6,1,3,14,2,0,4,4,1
100,5,1,83,13,3,1,8,14,1
35,1,1,1077,2,1,0,1,5,0
71,4,0,54,10,4,0,9,10,1
64,8,1,91,17,2,0,10,10,1
170,10,0,45,10,5,1,10,3,1
54,1,1,345,3,1,0,2,5,0
193,9,0,41,20,1,1,9,2,1
23,3,1,1443,1,0,0,2,1,0
130,4,0,69,15,5,0,9,10,1
123,10,1,90,11,1,0,7,7,1
57,3,1,943,5,0,0,1,4,0
77,6,1,24,9,2,1,4,2,1
42,3,1,540,2,1,0,2,0,0
27,1,1,1112,2,1,0,2,0,0
11,1,1,284,3,0,0,0,3,0
71,9,0,36,10,2,1,8,4,1
30,3,1,1090,1,1,0,0,0,0
161,6,0,61,18,5,0,6,2,1
175,4,0,9,20,1,1,9,9,1
189,5,0,94,18,5,1,7,14,1
58,3,1,1991,4,1,0,0,1,0
22,3,1,1862,5,0,0,1,2,0
42,1,1,1763,3,1,0,1,0,0
34,1,1,1665,0,1,0,2,0,0
36,1,1,1579,0,0,0,0,3,0
117,4,1,52,7,4,1,10,3,1
30,1,1,999,0,1,0,0,0,0
22,1,1,616,0,1,0,2,3,0
148,9,0,65,6,3,0,3,14,1
181,3,1,76,7,2,0,4,10,1
34,1,1,955,5,1,0,2,5,0
62,10,0,50,12,1,0,8,2,1
57,1,1,372,3,0,0,0,5,0
62,10,0,64,11,5,0,5,4,1
132,10,1,46,11,1,0,10,4,1
165,10,1,98,14,4,0,8,6,1
13,3,1,207,4,1,0,0,5,0
69,3,0,88,16,2,0,4,2,1
42,2,1,1648,3,0,0,2,2,0
129,9,1,15,5,1,0,7,12,1
54,3,1,1987,4,0,0,1,5,0
15,3,1,285,0,0,0,0,0,0
12,1,1,1351,2,1,0,2,5,0
42,1,1,763,4,0,0,2,5,0
48,3,1,1846,4,1,0,0,4,0
40,2,1,1855,3,1,0,2,0,0
28,2,1,931,5,1,0,1,3,0
166,8,0,29,11,4,0,7,8,1
149,9,0,40,9,2,0,10,11,1
14,2,1,939,1,0,0,0,0,0
44,3,1,517,5,0,0,2,4,0
16,3,1,476,1,0,0,0,0,0
44,3,1,1739,5,0,0,1,5,0
36,3,1,759,4,0,0,2,2,0
60,1,1,581,5,0,0,1,1,0
22,1,1,803,0,0,0,1,5,0
17,1,1,1178,2,1,0,2,1,0
144,4,0,48,9,2,0,8,8,1
24,3,1,937,4,0,0,2,2,0
48,1,1,1341,0,0,0,1,0,0
57,2,1,1457,3,1,0,2,3,0
73,6,1,86,10,2,0,10,2,1
38,2,1,1671,3,0,0,2,3,0
76,3,0,33,8,3,1,10,13,1
50,1,1,274,2,0,0,1,4,0
136,5,1,73,18,3,1,8,6,1
56,1,1,1063,3,0,0,1,4,0
38,3,1,1498,3,1,0,2,1,0
35,1,1,1804,1,0,0,0,2,0
35,1,1,1787,2,0,0,2,5,0
161,6,1,79,14,1,1,9,7,1
154,3,0,99,10,4,0,10,9,1
132,5,0,30,13,1,1,10,15,1
33,3,1,777,2,0,0,1,1,0
100,3,0,36,16,4,0,7,14,1
62,10,0,68,12,1,1,7,8,1
21,2,1,1875,2,0,0,0,1,0
21,2,1,803,2,1,0,1,3,0
118,9,0,23,18,2,1,10,8,1
58,8,1,59,16,3,0,10,13,1
81,8,1,40,13,2,0,6,13,1
46,1,1,420,0,0,0,2,0,0
40,2,1,1713,4,0,0,1,5,0
40,2,1,407,1,1,0,2,3,0
178,9,0,20,14,3,0,5,10,1
23,2,1,858,5,0,0,0,5,0
25,2,1,285,5,1,0,0,2,0
108,8,1,87,12,2,1,5,15,1
144,9,1,65,11,1,0,4,6,1
20,3,1,1422,3,0,0,2,3,0
140,9,0,49,5,2,0,8,10,1
28,1,1,1575,3,0,0,2,1,0
87,9,0,20,5,3,1,6,3,1
16,2,1,1744,5,0,0,1,1,0
196,9,0,59,6,4,0,10,9,1
47,1,1,1527,1,0,0,0,5,0
74,6,0,85,10,2,1,6,15,1
34,3,1,1690,4,0,0,1,4,0
38,3,1,743,0,0,0,0,0,0
164,4,1,52,10,4,0,3,2,1
57,10,0,28,12,5,0,5,11,1
24,1,1,1076,1,0,0,1,0,0
145,9,0,9,7,3,0,7,6,1
129,4,0,12,12,2,0,9,15,1
39,3,1,1716,5,1,0,1,4,0
112,5,0,84,10,5,1,7,5,1
46,1,1,1403,1,0,0,0,0,0
166,3,0,79,8,4,1,7,9,1
20,2,1,1373,3,0,0,2,0,0
14,3,1,621,3,0,0,0,1,0
74,4,0,25,12,1,0,9,10,1
28,1,1,406,3,0,0,0,1,0
165,6,0,87,5,3,0,9,5,1
126,9,1,63,12,3,1,7,8,1
49,2,1,1017,0,0,0,1,2,0
22,1,1,1441,4,1,0,2,3,0
140,5,1,35,10,3,1,10,13,1
99,7,1,85,7,1,1,5,6,1
55,2,1,1146,0,1,0,0,2,0
90,5,0,82,14,4,0,5,9,1
199,7,1,8,8,5,1,10,9,1
26,3,1,270,1,1,0,0,1,0
70,3,1,77,10,5,1,10,3,1
22,3,1,378,5,1,0,0,0,0
49,3,1,1212,4,0,0,2,5,0
24,2,1,1983,3,0,0,2,3,0
34,1,1,1347,0,0,0,1,5,0
47,3,1,884,0,0,0,0,5,0
84,4,0,96,19,5,1,10,15,1
173,6,0,29,10,4,0,6,8,1
171,5,0,23,19,2,0,10,9,1
86,4,0,88,19,5,0,8,10,1
62,9,1,94,16,2,0,4,11,1
72,4,0,66,12,4,0,4,10,1
102,9,1,53,13,2,1,4,8,1
26,1,1,1929,2,0,0,1,4,0
193,7,1,23,11,1,1,9,12,1
101,5,0,62,10,3,0,4,5,1
47,3,1,1760,4,1,0,0,3,0
44,1,1,599,0,0,0,2,3,0
150,6,1,33,12,4,0,6,15,1
54,5,0,31,13,2,1,3,11,1
24,1,1,1218,4,0,0,1,1,0
137,9,0,34,15,4,1,9,14,1
50,2,1,1994,5,0,0,1,0,0
62,9,1,56,17,1,0,5,9,1
112,5,0,79,13,4,0,4,13,1
145,10,0,36,12,5,1,6,7,1
165,5,0,96,10,2,0,6,2,1
57,3,1,257,3,1,0,2,5,0
57,1,1,1290,1,0,0,0,1,0
29,3,1,1385,3,0,0,2,1,0
87,7,1,58,9,2,0,10,8,1
67,3,1,1,5,3,1,10,10,1
152,10,0,62,10,1,0,9,2,1
112,6,0,42,15,5,0,4,11,1
60,3,1,602,3,0,0,1,2,0
44,3,1,1798,3,1,0,1,3,0
164,6,0,35,16,2,0,7,9,1
119,5,1,36,5,2,1,10,13,1
28,2,1,1514,3,1,0,0,4,0
189,10,0,12,8,3,1,3,14,1
168,6,1,61,17,3,1,4,12,1
41,2,1,1282,0,0,0,1,3,0
40,1,1,1786,2,1,0,1,0,0
106,7,1,75,18,2,0,9,10,1
107,3,1,27,7,3,1,10,14,1
57,6,1,68,6,2,1,6,13,1
36,3,1,1260,3,0,0,1,2,0
69,6,0,83,18,5,0,6,8,1
96,9,0,12,11,5,0,8,15,1
48,3,1,1005,0,1,0,0,2,0
184,8,1,45,12,1,0,3,13,1
131,9,0,16,10,5,0,9,11,1
32,2,1,353,3,0,0,2,0,0
73,7,1,18,15,4,0,4,15,1
65,4,0,81,18,4,1,10,6,1
52,2,1,438,3,0,0,2,3,0
22,1,1,582,0,0,0,1,2,0
58,2,1,1852,3,0,0,1,1,0
33,3,1,917,5,0,0,1,5,0
18,2,1,1533,1,1,0,2,0,0
27,3,1,616,0,1,0,0,5,0
58,2,1,1512,5,1,0,2,3,0
18,2,1,1528,1,1,0,1,2,0
146,7,0,6,19,2,1,9,14,1
102,7,0,33,19,2,1,5,9,1
34,3,1,640,4,0,0,0,3,0
155,6,1,12,20,2,0,9,14,1
19,3,1,1214,4,1,0,2,4,0
60,1,1,1897,2,1,0,0,4,0
86,6,0,46,10,4,1,3,11,1
30,3,1,1518,1,1,0,2,2,0
36,3,1,1605,0,0,0,2,3,0
14,2,1,947,0,1,0,2,5,0
186,5,1,85,17,3,0,7,4,1
55,9,0,40,10,1,1,7,5,1
162,5,1,20,10,4,0,5,6,1
26,1,1,1125,1,1,0,0,4,0
104,6,1,21,7,2,1,5,9,1
40,1,1,1955,1,1,0,1,0,0
34,3,1,679,3,0,0,2,5,0
130,8,0,80,12,3,1,7,8,1
129,10,0,66,9,1,1,9,4,1
127,6,0,6,20,1,1,6,5,1
61,9,1,4,11,4,0,10,8,1
189,10,1,47,16,3,0,6,10,1
89,6,1,3,19,1,1,4,7,1
80,8,1,24,19,5,0,3,12,1
98,7,0,60,13,4,1,8,15,1
127,10,0,48,17,4,1,8,5,1
17,1,1,1062,2,0,0,2,0,0
171,8,1,59,11,1,0,10,15,1
14,1,1,935,0,0,0,0,3,0
20,1,1,350,3,1,0,2,3,0
34,2,1,1495,0,0,0,2,3,0
52,9,1,89,13,4,0,6,8,1
20,1,1,1110,5,1,0,0,0,0
12,3,1,626,3,1,0,1,5,0
17,1,1,804,2,0,0,1,0,0
27,2,1,576,2,0,0,0,1,0
134,6,1,20,20,3,1,7,9,1
16,1,1,1263,0,1,0,1,5,0
19,2,1,1296,2,1,0,1,3,0
37,1,1,649,4,0,0,0,0,0
182,7,1,46,9,3,1,10,6,1
136,6,0,2,10,2,1,10,8,1
135,5,1,36,10,4,1,4,7,1
59,1,1,1522,0,0,0,0,5,0
59,1,1,1372,3,0,0,0,2,0
99,5,0,12,18,2,1,5,2,1
38,1,1,1705,3,0,0,2,2,0
50,1,1,1679,4,1,0,2,5,0
121,10,0,69,8,5,1,10,11,1
43,3,1,1195,0,1,0,1,3,0
34,2,1,612,2,0,0,0,4,0
137,8,0,93,7,5,1,3,7,1
43,1,1,1644,2,1,0,0,1,0
16,2,1,1272,3,1,0,0,3,0
51,3,1,819,0,1,0,2,1,0
51,1,1,1714,1,0,0,1,1,0
44,2,1,1281,3,0,0,1,2,0
85,3,0,56,7,5,0,8,4,1
15,3,1,1978,4,1,0,1,4,0
44,3,1,874,5,0,0,1,4,0
47,3,1,1284,0,0,0,2,0,0
25,2,1,814,3,1,0,0,0,0
105,4,1,51,17,2,1,9,4,1
50,1,1,249,3,0,0,2,2,0
27,2,1,860,1,0,0,0,0,0
56,3,1,1252,0,0,0,2,1,0
39,3,1,520,4,1,0,1,3,0
174,9,1,56,9,3,0,8,11,1
79,8,1,81,19,4,0,9,14,1
188,10,1,89,17,3,0,4,9,1
187,7,0,38,13,5,0,10,2,1
163,3,1,33,17,5,0,6,6,1
45,3,1,1557,5,1,0,2,1,0
181,4,0,38,16,2,1,8,10,1
29,2,1,962,3,1,0,1,4,0
125,9,0,6,15,4,0,3,14,1
37,2,1,1087,3,1,0,0,2,0
47,3,1,1463,2,1,0,2,4,0
88,5,0,75,5,4,0,9,4,1
162,8,1,56,8,1,0,5,2,1
40,2,1,1293,0,0,0,0,0,0
60,8,0,41,7,2,1,4,8,1
55,9,1,42,20,2,1,10,14,1
175,3,1,31,7,5,0,3,5,1
55,2,1,1498,2,1,0,2,2,0
24,3,1,525,5,0,0,0,5,0
162,6,1,98,8,4,0,4,14,1
102,5,0,3,20,3,1,4,5,1
111,9,0,43,6,4,1,5,7,1
165,5,0,62,16,2,1,7,11,1
145,3,0,10,13,4,1,10,7,1
38,3,1,1898,0,0,0,0,0,0
13,2,1,1981,2,1,0,2,4,0
55,10,0,39,17,5,1,5,2,1
48,1,1,697,2,0,0,2,0,0
49,2,1,1935,2,1,0,2,1,0
23,2,1,302,2,0,0,1,1,0
59,2,1,586,5,1,0,1,0,0
52,2,1,205,3,1,0,2,2,0
109,5,1,29,15,3,0,7,3,1
102,3,1,73,12,4,0,4,9,1
32,3,1,426,4,0,0,1,5,0
33,1,1,1305,2,0,0,1,5,0
33,2,1,287,3,0,0,1,5,0
182,5,1,55,8,4,1,4,10,1
15,2,1,1527,1,1,0,2,5,0
160,4,1,75,6,3,0,9,10,1
56,1,1,594,4,1,0,2,5,0
54,6,0,13,19,4,1,9,4,1
26,3,1,1305,0,1,0,0,0,0
85,7,0,25,17,5,0,8,3,1
156,8,1,15,14,2,0,6,7,1
26,3,1,1365,1,1,0,0,5,0
40,1,1,401,0,1,0,2,2,0
158,6,1,12,10,2,0,9,6,1
18,2,1,1145,4,1,0,2,0,0
10,2,1,1295,5,1,0,0,2,0
185,9,1,58,20,5,1,5,12,1
99,7,0,17,6,4,0,6,11,1
68,6,1,5,7,3,0,3,2,1
90,6,0,3,11,5,1,7,5,1
142,3,0,42,10,4,1,7,7,1
200,8,1,89,7,4,0,6,6,1
154,9,0,2,7,4,0,9,11,1
86,6,1,66,19,1,1,7,13,1
29,1,1,279,1,1,0,1,5,0
12,1,1,384,3,0,0,1,4,0
136,7,0,73,19,4,1,7,14,1
76,7,0,27,9,2,0,6,13,1
58,1,1,1538,2,0,0,2,4,0
88,9,0,29,9,4,0,6,13,1
15,1,1,1347,5,1,0,0,4,0
54,7,0,9,12,2,1,6,15,1
12,1,1,605,2,0,0,0,1,0
44,3,1,553,4,0,0,0,3,0
104,4,1,81,14,2,0,4,2,1
158,5,0,98,15,4,1,8,2,1
56,1,1,1750,3,0,0,2,4,0
51,1,1,1798,3,1,0,1,5,0
27,2,1,676,2,1,0,2,2,0
34,3,1,442,5,0,0,0,3,0
13,1,1,835,5,0,0,2,0,0
44,3,1,276,2,0,0,2,4,0
14,1,1,1259,1,1,0,1,2,0
30,3,1,594,1,0,0,1,3,0
77,3,0,40,6,4,1,7,15,1
25,2,1,794,0,1,0,1,2,0
198,7,1,11,8,3,0,8,13,1
68,9,1,50,9,3,1,3,9,1
32,3,1,1786,4,1,0,2,0,0
28,3,1,696,5,1,0,2,5,0
53,1,1,1973,0,0,0,2,3,0
181,9,1,67,8,5,0,3,3,1
49,2,1,226,1,1,0,1,5,0
59,1,1,885,2,1,0,1,1,0
124,8,1,54,6,1,0,6,14,1
67,10,0,14,8,2,0,10,10,1
22,1,1,1058,2,1,0,2,0,0
37,2,1,758,3,0,0,2,4,0
64,3,1,11,10,2,1,9,2,1
52,5,0,92,17,2,0,8,5,1
196,10,1,74,18,1,0,10,6,1
39,1,1,1883,1,0,0,1,0,0
17,2,1,1374,3,1,0,1,2,0
129,6,1,52,7,1,0,5,11,1
121,4,1,53,7,3,1,5,3,1
56,1,1,539,0,0,0,1,0,0
59,3,1,63,17,5,1,9,2,1
179,4,0,72,10,2,1,8,10,1
40,1,1,967,4,1,0,2,2,0
34,2,1,1619,4,1,0,2,4,0
63,8,1,22,8,5,0,4,8,1
31,3,1,1466,5,0,0,2,2,0
155,6,0,14,19,1,0,9,3,1
166,9,1,44,6,5,1,5,9,1
47,2,1,951,5,0,0,1,5,0
84,3,1,8,9,5,1,3,12,1
23,2,1,536,2,0,0,1,0,0
40,2,1,1936,5,1,0,2,1,0
16,3,1,545,4,0,0,2,0,0
56,2,1,518,3,1,0,2,2,0
102,4,0,76,11,5,0,6,5,1
144,6,1,7,13,3,1,8,15,1
55,5,0,42,5,5,0,9,6,1
75,6,1,58,17,2,1,8,8,1
87,5,0,96,16,4,0,5,3,1
27,1,1,1060,0,0,0,1,5,0
120,9,0,29,18,5,1,4,14,1
43,2,1,739,4,1,0,1,1,0
91,4,1,11,18,1,1,8,5,1
74,5,1,24,5,1,1,5,2,1
36,2,1,1984,5,1,0,2,3,0
143,10,1,95,19,5,0,7,4,1
68,5,0,58,8,4,0,10,9,1
24,3,1,639,1,0,0,0,5,0
25,3,1,1432,3,0,0,2,0,0
53,10,0,55,12,5,0,7,8,1
88,3,1,71,11,3,0,5,9,1
176,6,1,87,14,3,1,3,4,1
191,5,0,5,7,3,0,10,6,1
107,10,1,68,11,3,0,9,15,1
119,8,1,34,12,4,1,3,8,1
17,1,1,289,5,1,0,1,1,0
62,3,0,95,19,1,1,9,14,1
30,2,1,1875,3,0,0,1,5,0
56,1,1,802,4,1,0,1,3,0
168,5,1,55,18,3,1,5,15,1
110,6,0,17,17,1,0,5,5,1
55,1,1,1229,2,1,0,2,4,0
52,1,1,1723,5,0,0,1,4,0
53,1,1,331,2,0,0,0,2,0
19,3,1,991,5,0,0,2,0,0
141,10,1,64,9,4,0,4,6,1
195,3,0,33,18,4,0,6,9,1
28,3,1,925,2,1,0,2,3,0
22,2,1,1245,0,1,0,0,0,0
114,7,0,68,14,2,0,5,10,1
115,6,0,69,9,5,0,9,3,1
123,6,1,58,19,5,1,7,15,1
17,3,1,569,0,1,0,0,0,0
198,10,1,74,17,3,0,7,4,1
136,4,1,49,14,2,1,9,11,1
29,1,1,697,0,1,0,0,3,0
162,3,1,83,11,1,1,9,7,1
65,5,0,69,19,3,1,8,3,1
55,3,1,1393,2,1,0,1,1,0
134,6,1,72,10,1,0,5,6,1
183,3,0,16,16,5,0,6,10,1
101,7,1,45,9,2,0,10,15,1
145,9,1,78,5,4,1,8,8,1
196,3,0,79,6,1,0,9,15,1
13,2,1,1273,0,0,0,0,5,0
30,2,1,758,3,0,0,0,0,0
161,7,1,55,17,4,1,7,7,1
54,2,1,1899,2,1,0,1,0,0
150,6,1,95,6,4,0,3,5,1
180,3,1,39,12,1,0,7,11,1
173,4,0,34,11,3,1,3,2,1
163,5,0,90,18,3,0,9,13,1
29,2,1,250,1,0,0,0,2,0
122,7,0,23,12,1,1,10,3,1
145,9,0,43,8,3,1,6,6,1
165,7,1,28,18,5,0,10,2,1
50,10,1,14,5,4,1,8,9,1
18,2,1,636,4,0,0,2,4,0
62,8,0,42,9,4,1,7,8,1
36,3,1,1105,4,0,0,0,1,0
30,3,1,582,3,1,0,1,4,0
37,1,1,1378,5,1,0,0,4,0
61,8,1,53,6,1,0,5,15,1
46,3,1,208,2,0,0,1,5,0
19,3,1,639,5,0,0,0,2,0
13,3,1,1721,1,0,0,0,1,0
26,3,1,229,4,1,0,2,3,0
15,3,1,1243,1,0,0,2,3,0
123,10,0,47,12,2,0,9,4,1
97,6,1,92,20,4,0,9,9,1
182,4,1,94,11,5,0,7,14,1
78,7,1,23,13,2,1,10,9,1
144,5,0,91,11,5,0,4,12,1
141,4,0,92,8,4,0,4,13,1
166,10,0,8,18,1,0,9,15,1
52,1,1,1141,2,0,0,0,4,0
28,2,1,1317,1,0,0,2,2,0
46,3,1,1902,3,0,0,1,3,0
137,3,1,27,10,1,1,5,9,1
69,6,0,16,17,2,1,6,3,1
55,3,1,1834,0,0,0,0,0,0
20,1,1,1005,1,1,0,0,5,0
144,4,0,7,18,4,1,5,14,1
35,3,1,1499,5,0,0,0,3,0
185,10,0,64,18,2,0,10,9,1
104,7,1,28,20,3,0,9,15,1
37,3,1,1694,5,1,0,1,0,0
108,5,1,68,16,3,1,10,3,1
158,6,0,24,20,5,1,5,3,1
16,3,1,321,2,0,0,2,4,0
51,5,1,50,11,2,0,5,7,1
150,8,0,12,7,2,0,3,5,1
180,7,0,78,6,1,0,3,8,1
141,8,1,39,18,5,0,5,9,1
106,10,1,76,5,1,0,5,2,1
55,7,0,3,8,4,0,4,3,1
125,8,0,60,8,2,1,9,3,1
32,3,1,745,1,0,0,2,0,0
23,1,1,264,0,1,0,0,0,0
11,3,1,682,2,1,0,0,3,0
46,1,1,1294,5,1,0,1,1,0
98,8,1,65,13,3,0,9,8,1
183,3,0,30,16,4,0,6,10,1
112,9,0,64,19,2,1,6,2,1
33,2,1,771,4,0,0,0,3,0
120,7,0,32,14,3,1,4,7,1
93,6,1,33,7,3,0,6,14,1
55,3,1,846,1,1,0,0,3,0
31,3,1,479,1,0,0,1,2,0
81,9,1,44,20,4,0,10,12,1
53,1,1,1359,2,1,0,2,5,0
26,2,1,1035,1,1,0,2,3,0
172,10,0,85,11,1,0,8,15,1
15,3,1,1666,0,1,0,2,4,0
126,8,0,49,20,5,1,4,14,1
67,8,0,40,9,1,1,10,9,1
36,1,1,1419,1,1,0,0,1,0
46,3,1,1284,1,0,0,1,2,0
67,10,1,35,13,1,0,7,7,1
149,7,1,69,7,4,0,10,12,1
195,4,0,4,19,2,0,6,5,1
41,3,1,1916,3,1,0,0,1,0
59,1,1,1081,4,1,0,2,1,0
160,3,1,27,17,3,1,8,8,1
35,3,1,1501,1,1,0,2,3,0
98,7,1,49,19,2,1,10,9,1
39,3,1,1661,0,0,0,1,3,0
59,1,1,861,4,1,0,1,1,0
57,3,1,460,3,1,0,0,1,0
197,5,0,60,18,2,0,8,3,1
46,2,1,1740,4,1,0,0,4,0
181,4,1,46,15,4,0,7,8,1
129,8,1,2,11,1,0,4,2,1
58,4,1,2,20,1,0,3,5,1
110,4,0,18,13,2,0,8,11,1
57,2,1,531,4,1,0,2,1,0
45,2,1,219,2,1,0,2,0,0
13,3,1,466,2,1,0,1,1,0
81,7,0,74,20,5,0,4,8,1
54,9,1,74,15,2,0,7,8,1
113,4,1,69,17,4,1,7,9,1
59,1,1,467,2,1,0,0,0,0
55,2,1,632,4,1,0,0,1,0
79,9,0,12,19,5,0,5,14,1
38,1,1,408,2,1,0,2,5,0
118,10,1,68,11,3,1,7,14,1
113,8,1,30,18,5,1,6,7,1
181,7,1,94,16,1,1,7,3,1
173,4,0,53,6,2,1,7,9,1
138,6,0,96,19,4,1,9,10,1
126,6,1,87,5,5,0,3,4,1
34,2,1,1422,5,1,0,0,5,0
153,9,0,43,20,2,0,9,3,1
14,1,1,230,0,1,0,1,5,0
49,3,1,995,0,1,0,1,0,0
130,5,1,33,13,2,0,10,6,1
161,9,0,64,17,5,1,7,8,1
42,2,1,1918,2,1,0,0,2,0
135,7,0,39,13,2,0,6,9,1
188,7,0,94,20,3,1,8,14,1
51,1,1,461,1,0,0,2,4,0
151,5,0,14,7,5,0,8,13,1
161,3,1,65,20,3,0,9,14,1
35,1,1,492,5,1,0,0,5,0
45,2,1,608,2,1,0,2,1,0
75,3,0,82,8,4,1,7,6,1
122,6,1,9,19,1,0,8,6,1
60,4,0,78,6,2,0,10,9,1
53,3,1,1560,2,0,0,0,0,0
19,2,1,1136,2,1,0,1,4,0
41,1,1,1239,2,1,0,2,0,0
17,3,1,446,4,0,0,2,2,0
56,10,1,54,16,4,1,5,4,1
26,2,1,506,2,1,0,0,4,0
166,5,0,40,12,3,1,6,6,1
80,4,0,82,6,5,1,7,7,1
54,3,1,1559,3,0,0,2,3,0
105,9,1,65,11,4,1,7,5,1
197,5,1,11,14,5,1,9,13,1
57,2,1,606,3,0,0,1,1,0
56,1,1,1506,3,1,0,1,2,0
36,3,1,1651,5,0,0,0,2,0
120,6,0,48,19,5,1,5,11,1
171,7,0,100,15,4,1,8,7,1
160,10,1,11,17,4,1,10,2,1
22,1,1,580,0,1,0,0,1,0
129,10,1,40,5,3,1,7,10,1
180,6,1,10,18,5,1,4,5,1
172,3,1,43,14,3,0,9,14,1
111,9,1,100,19,5,1,8,2,1
36,1,1,1968,2,1,0,1,0,0
41,1,1,1490,2,1,0,2,3,0
44,3,1,1798,3,1,0,1,5,0
13,1,1,1294,3,0,0,1,2,0
126,4,0,91,13,3,1,10,12,1
100,4,1,11,9,2,1,6,3,1
33,1,1,861,1,1,0,1,4,0
41,2,1,817,2,0,0,2,5,0
45,2,1,1791,3,0,0,2,2,0
118,7,0,6,13,1,1,5,12,1
160,6,1,61,6,3,0,9,2,1
103,6,0,6,18,4,1,3,2,1
33,2,1,338,5,1,0,1,5,0
32,2,1,1151,1,0,0,0,3,0
115,7,0,35,18,5,0,4,9,1
132,5,0,10,16,2,1,5,3,1
16,3,1,1679,4,1,0,0,0,0
46,2,1,1147,3,1,0,2,1,0
108,7,0,67,11,1,0,10,2,1
133,8,1,46,12,4,1,9,8,1
30,1,1,1177,1,1,0,2,2,0
33,2,1,325,2,1,0,1,1,0
182,4,0,15,8,3,1,3,4,1
196,5,0,33,14,1,1,6,10,1
48,1,1,1690,1,0,0,2,0,0
17,1,1,1578,1,1,0,1,4,0
47,3,1,970,1,1,0,1,1,0
60,6,0,96,8,3,1,6,9,1
115,8,1,44,10,3,0,8,15,1
28,2,1,532,3,0,0,1,3,0
177,10,1,50,18,4,1,10,8,1
144,4,0,26,6,5,0,4,8,1
191,6,0,31,16,3,0,9,7,1
51,1,1,777,3,0,0,2,1,0
51,2,1,878,1,1,0,2,1,0
73,3,1,78,7,4,1,4,7,1
10,2,1,269,5,1,0,1,2,0
18,3,1,1259,2,1,0,0,1,0
35,3,1,1621,4,0,0,2,5,0
32,2,1,1608,4,0,0,0,4,0
173,4,0,81,16,5,0,8,5,1
132,4,0,33,9,4,0,10,12,1
32,3,1,1031,4,1,0,2,3,0
46,1,1,1519,3,1,0,1,2,0
40,2,1,1824,4,0,0,0,4,0
51,3,1,962,4,0,0,0,5,0
181,6,1,86,11,2,1,10,4,1
47,3,1,912,3,1,0,2,5,0
59,9,0,76,14,2,1,3,2,1
42,1,1,1231,3,0,0,2,0,0
23,2,1,1466,4,0,0,2,1,0
56,3,1,1685,4,1,0,2,5,0
34,1,1,1696,1,1,0,0,3,0
11,2,1,1478,5,1,0,0,4,0
135,10,1,19,5,5,0,7,12,1
142,8,1,71,7,5,0,5,8,1
25,3,1,1035,3,0,0,1,2,0
153,3,1,61,11,3,0,6,12,1
19,2,1,1081,3,1,0,1,5,0
15,3,1,1290,1,1,0,1,0,0
15,2,1,1153,1,0,0,2,1,0
46,2,1,1343,0,0,0,2,2,0
41,2,1,483,3,0,0,0,2,0
17,2,1,1808,5,1,0,2,2,0
36,3,1,1496,5,1,0,2,0,0
47,3,1,1706,5,1,0,0,0,0
40,3,1,491,1,0,0,0,3,0
118,8,1,21,5,1,0,8,11,1
53,2,1,1676,2,0,0,1,1,0
76,7,1,24,17,5,1,5,15,1
155,6,1,15,15,3,1,4,3,1
71,5,0,86,12,5,1,4,10,1
163,8,1,15,13,2,1,9,3,1
68,3,1,44,17,4,1,4,14,1
28,3,1,1486,1,1,0,2,3,0
193,4,0,87,12,2,0,3,11,1
43,3,1,1476,1,0,0,2,4,0
150,4,0,30,19,3,1,6,10,1
32,1,1,1496,2,0,0,0,3,0
144,5,1,57,10,5,0,9,6,1
33,3,1,1395,3,0,0,1,0,0
23,2,1,231,1,1,0,0,2,0
59,3,1,1983,1,1,0,0,4,0
43,1,1,1027,5,1,0,2,5,0
155,3,1,64,9,2,1,4,4,1
81,8,0,8,11,4,1,8,5,1
134,8,0,62,8,3,1,6,7,1
196,5,1,67,5,1,1,7,13,1
94,5,0,60,14,5,1,7,7,1
38,2,1,783,1,0,0,0,1,0
42,3,1,366,2,0,0,0,2,0
186,3,1,8,10,4,1,3,3,1
66,9,1,40,20,5,0,9,10,1
34,3,1,1487,0,1,0,0,0,0
162,6,0,66,17,5,0,5,14,1
55,2,1,1510,4,1,0,1,4,0
42,1,1,762,0,1,0,2,1,0
156,5,1,28,17,2,1,8,7,1
50,1,1,1892,1,0,0,0,0,0
31,2,1,1185,4,1,0,2,3,0
115,9,1,59,9,2,1,8,5,1
38,1,1,230,3,0,0,0,3,0
185,10,1,54,5,4,0,7,12,1
46,3,1,362,2,1,0,2,5,0
155,10,0,24,10,4,0,3,3,1
58,3,1,1716,5,1,0,2,5,0
184,4,0,52,7,5,1,8,2,1
174,8,0,8,6,3,1,8,2,1
68,9,1,58,15,2,0,9,9,1
12,1,1,730,1,1,0,0,3,0
60,2,1,1719,2,0,0,1,4,0
13,1,1,1830,3,1,0,1,0,0
28,1,1,596,1,1,0,0,4,0
168,7,1,63,13,1,1,3,8,1
159,4,0,28,14,4,1,6,13,1
26,1,1,999,3,1,0,0,5,0
60,1,1,1273,0,1,0,1,1,0
99,7,1,74,9,1,0,3,3,1
74,5,1,64,14,1,1,6,13,1
66,10,1,94,7,5,1,3,14,1
57,3,1,1076,3,1,0,1,0,0
49,3,1,1453,1,1,0,1,4,0
65,8,1,80,12,2,1,5,10,1
163,5,0,46,17,5,0,9,11,1
80,5,1,50,17,3,1,5,9,1
59,3,1,1787,2,0,0,1,4,0
16,1,1,911,1,1,0,1,3,0
50,2,1,1032,1,1,0,1,2,0
84,5,0,23,7,5,0,7,13,1
60,2,1,951,5,0,0,1,4,0
17,2,1,633,5,0,0,2,1,0
28,1,1,264,2,0,0,0,5,0
58,1,1,1830,0,1,0,2,2,0
64,6,1,39,12,5,0,3,7,1
84,10,1,28,13,2,0,5,15,1
189,4,1,69,10,1,1,7,10,1
61,8,1,80,14,2,1,3,14,1
46,2,1,1986,0,0,0,0,1,0
26,3,1,1545,1,1,0,1,3,0
30,2,1,963,5,1,0,1,3,0
113,4,1,15,9,5,0,8,12,1
49,2,1,1364,0,1,0,1,3,0
141,10,1,53,13,4,0,10,2,1
132,3,0,47,8,2,0,4,5,1
165,4,0,56,11,3,1,5,5,1
41,1,1,276,5,1,0,1,2,0
49,1,1,891,2,1,0,2,3,0
109,4,1,75,15,5,1,10,6,1
99,7,0,67,20,5,1,6,12,1
188,7,1,27,7,2,0,10,15,1
46,1,1,1734,3,0,0,0,4,0
92,10,0,14,13,5,0,7,7,1
10,2,1,364,3,0,0,2,2,0
165,10,0,33,5,4,1,3,9,1
175,3,0,27,6,1,0,4,6,1
184,9,1,66,7,1,1,9,13,1
46,2,1,1938,5,1,0,1,5,0
103,5,1,92,13,3,1,5,15,1
47,1,1,1394,5,1,0,1,0,0
139,7,1,76,14,1,1,10,13,1
163,6,1,61,20,3,0,8,3,1
110,7,0,41,14,3,0,7,6,1
44,2,1,1165,2,1,0,1,4,0
88,8,0,5,18,5,1,6,7,1
180,7,1,5,11,1,1,5,2,1
143,8,0,100,10,5,1,7,13,1
21,1,1,1380,2,1,0,0,4,0
52,2,1,264,2,0,0,2,2,0
137,10,1,66,14,4,0,7,8,1
29,3,1,1200,4,1,0,1,4,0
130,8,1,6,9,3,1,8,4,1
42,1,1,613,1,1,0,2,3,0
52,3,1,1817,5,1,0,2,3,0
58,3,1,528,3,1,0,1,5,0
96,8,1,12,20,1,0,6,14,1
68,7,0,36,20,2,0,5,2,1
35,3,1,1889,5,0,0,1,5,0
38,1,1,1910,5,0,0,1,0,0
57,7,0,81,6,1,0,6,8,1
153,10,1,96,12,1,0,3,5,1
150,8,0,69,16,5,1,9,7,1
41,1,1,416,4,0,0,0,0,0
170,4,0,21,15,4,1,5,7,1
131,8,0,27,19,2,1,7,5,1
198,7,0,17,5,5,0,6,4,1
22,1,1,1693,0,0,0,0,1,0
177,3,0,38,17,5,0,10,4,1
91,9,1,97,16,1,0,9,9,1
77,7,1,59,15,2,1,3,3,1
42,2,1,914,3,0,0,1,1,0
43,1,1,1796,1,0,0,0,0,0
63,10,0,33,15,3,0,5,14,1
50,1,1,899,0,1,0,2,0,0
44,2,1,704,0,0,0,2,5,0
20,1,1,411,2,1,0,0,0,0
168,3,1,91,6,5,0,9,8,1
183,3,0,53,6,2,1,4,14,1
134,4,1,65,5,1,0,9,14,1
12,1,1,585,5,1,0,0,1,0
133,7,0,25,6,5,0,4,5,1
27,1,1,1708,3,1,0,2,4,0
49,2,1,774,4,1,0,1,4,0
49,3,1,323,5,0,0,2,3,0
51,2,1,1985,3,1,0,2,5,0
198,5,0,30,6,3,0,10,12,1
52,1,1,1406,3,1,0,1,3,0
174,9,1,41,19,4,1,5,11,1
93,4,1,21,14,4,0,6,4,1
51,8,1,55,10,3,0,8,5,1
11,3,1,690,2,0,0,2,3,0
16,2,1,1125,2,1,0,0,4,0
25,2,1,1788,0,0,0,1,1,0
118,4,1,32,15,2,1,8,4,1
16,3,1,243,1,1,0,1,1,0
159,4,0,65,16,1,1,3,14,1
87,6,1,43,7,1,0,9,12,1
97,8,0,71,8,3,0,8,6,1
16,1,1,1339,5,0,0,1,1,0
26,1,1,1706,2,1,0,2,0,0
166,3,1,13,15,4,0,10,7,1
63,6,0,60,10,5,0,7,9,1
53,2,1,1806,4,1,0,1,0,0
54,1,1,1293,1,0,0,0,3,0
17,1,1,996,4,1,0,2,1,0
66,3,0,69,5,3,1,3,6,1
177,10,0,12,17,1,1,3,14,1
57,3,1,1864,5,1,0,0,0,0
172,6,0,75,19,3,1,10,4,1
34,1,1,590,2,0,0,2,2,0
152,9,1,1,11,3,1,5,8,1
28,2,1,1557,1,0,0,2,2,0
198,5,0,34,16,2,0,8,6,1
42,1,1,1322,3,1,0,2,4,0
50,3,1,1208,5,0,0,1,3,0
67,8,0,35,20,4,1,8,11,1
14,3,1,807,0,0,0,0,5,0
198,10,1,10,14,2,0,7,4,1
10,1,1,332,3,0,0,2,1,0
62,4,0,49,13,3,0,10,14,1
82,3,1,22,8,3,1,8,3,1
44,1,1,1918,2,1,0,1,1,0
50,4,0,86,15,3,0,3,12,1
156,9,1,18,8,2,0,10,4,1
151,8,0,49,11,5,0,4,7,1
195,6,1,14,16,4,1,9,8,1
44,2,1,358,3,1,0,1,3,0
70,10,1,94,7,5,1,8,10,1
60,3,0,30,18,4,1,10,11,1
188,10,0,52,8,4,1,4,6,1
38,3,1,1834,5,1,0,0,1,0
164,3,0,97,19,3,1,6,9,1
52,3,1,1491,1,1,0,1,4,0
59,5,0,46,8,4,1,9,2,1
151,4,1,67,8,5,1,7,8,1
22,2,1,720,1,0,0,0,4,0
131,6,1,89,19,3,1,4,3,1
66,3,1,2,14,3,1,8,4,1
53,9,1,58,20,3,1,9,6,1
27,1,1,853,0,0,0,0,1,0
171,10,0,94,11,2,0,6,9,1
79,5,0,27,9,4,1,6,3,1
197,8,1,49,11,5,0,4,7,1
50,3,1,570,1,0,0,0,1,0
11,2,1,1942,1,1,0,2,0,0
15,3,1,774,3,0,0,1,0,0
186,5,0,48,13,4,1,9,2,1
30,3,1,1819,5,1,0,1,5,0
101,5,1,54,16,5,0,10,10,1
175,10,1,22,19,3,0,4,13,1
125,6,0,81,18,2,1,6,2,1
18,3,1,223,1,1,0,0,3,0
11,2,1,1362,1,0,0,0,2,0
41,2,1,877,1,0,0,0,1,0
178,3,0,59,11,3,1,9,11,1
125,10,1,73,8,5,0,5,3,1
11,1,1,984,5,1,0,1,2,0
112,8,1,39,18,4,1,8,12,1
172,8,0,42,18,1,1,9,4,1
106,7,0,37,18,3,0,10,14,1
29,2,1,231,5,1,0,0,1,0
83,7,0,12,6,1,1,9,6,1
36,3,1,1976,5,0,0,1,0,0
136,4,1,78,7,3,0,7,14,1
44,3,1,1717,0,0,0,1,1,0
40,2,1,285,4,1,0,1,2,0
126,4,1,59,8,1,0,8,14,1
142,3,1,95,17,5,1,8,3,1
148,5,1,45,15,4,0,6,2,1
57,3,1,1418,5,0,0,2,5,0
35,1,1,1622,0,0,0,0,0,0
47,1,1,1143,5,0,0,2,3,0
182,5,0,47,18,4,0,10,15,1
17,1,1,1910,2,1,0,1,0,0
58,2,1,722,3,1,0,2,3,0
80,8,0,40,13,3,1,10,13,1
134,4,1,93,7,5,1,5,9,1
144,3,1,18,6,5,1,10,9,1
73,3,0,98,6,3,1,10,11,1
40,3,1,1299,5,1,0,2,3,0
179,4,0,74,14,2,1,9,3,1
182,6,0,10,16,4,1,7,2,1
50,3,1,1170,0,1,0,2,4,0
33,2,1,1171,4,1,0,2,0,0
12,2,1,930,2,0,0,1,3,0
31,1,1,231,1,0,0,2,2,0
14,2,1,962,1,0,0,1,2,0
20,2,1,1523,4,1,0,0,3,0
95,3,1,95,14,2,0,8,13,1
172,5,0,77,18,5,0,8,11,1
21,3,1,1160,2,0,0,2,1,0
120,9,0,69,8,3,0,4,8,1
50,3,1,516,5,0,0,2,2,0
49,3,1,1547,3,1,0,0,4,0
142,9,1,77,11,5,1,3,14,1
45,1,1,681,4,1,0,2,1,0
51,2,1,1985,2,1,0,1,4,0
54,3,1,1329,4,0,0,1,3,0
187,10,0,19,20,2,1,8,14,1
18,1,1,466,4,0,0,2,5,0
11,2,1,604,3,0,0,1,3,0
19,3,1,437,4,1,0,2,0,0
149,8,0,100,18,3,0,9,15,1
57,1,1,803,5,0,0,2,1,0
22,1,1,793,0,1,0,2,1,0
167,10,1,96,10,1,1,9,9,1
180,9,1,84,19,5,0,10,6,1
46,3,1,1615,1,0,0,1,4,0
173,8,1,17,8,1,1,10,11,1
88,5,1,66,7,3,1,3,13,1
195,8,1,96,8,4,0,8,2,1
131,8,0,88,5,2,0,8,5,1
138,6,0,52,7,4,1,4,12,1
152,5,1,43,17,5,0,9,14,1
54,2,1,1435,3,0,0,0,0,0
113,3,0,34,13,2,0,7,14,1
13,3,1,895,2,0,0,2,5,0
48,3,1,1588,0,0,0,2,1,0
170,9,1,97,17,4,1,7,7,1
101,3,1,76,11,5,1,8,5,1
49,2,1,1475,3,1,0,1,0,0
52,1,1,778,4,0,0,2,0,0
24,1,1,1259,1,0,0,0,4,0
110,5,1,51,6,3,1,9,14,1
147,7,0,29,12,4,0,3,8,1
77,3,0,93,15,1,1,3,2,1
51,9,1,30,20,2,1,4,8,1
68,6,1,98,12,5,1,7,9,1
13,3,1,1773,5,0,0,1,4,0
52,2,1,471,5,1,0,1,5,0
168,9,0,76,13,3,0,6,5,1
44,1,1,998,0,1,0,1,4,0
86,4,1,19,6,5,1,4,3,1
17,2,1,514,2,0,0,2,0,0
13,1,1,1459,4,0,0,1,5,0
35,1,1,1789,3,1,0,0,0,0
150,8,1,46,16,1,0,9,13,1
151,3,1,62,10,5,1,7,12,1
103,9,1,67,15,1,1,8,11,1
149,7,0,32,13,4,1,8,10,1
45,1,1,244,1,1,0,0,3,0
199,9,0,78,14,1,0,9,5,1
13,2,1,1459,1,1,0,1,5,0
51,1,1,835,3,0,0,0,0,0
86,6,0,80,8,5,1,6,4,1
163,10,0,88,13,1,0,7,15,1
150,6,0,42,6,4,0,3,12,1
99,4,1,82,12,1,0,5,3,1
185,9,0,89,9,2,0,4,12,1
39,1,1,246,1,1,0,2,5,0
169,7,1,29,16,1,1,9,10,1
32,1,1,333,5,0,0,0,0,0
76,5,1,90,11,5,0,7,7,1
36,2,1,573,3,0,0,0,2,0
33,2,1,821,4,1,0,0,3,0
47,1,1,1315,2,1,0,1,4,0
198,4,1,81,14,4,1,5,3,1
50,1,1,1065,4,0,0,2,2,0
60,1,1,200,3,0,0,2,3,0
60,3,1,69,11,3,1,9,12,1
57,2,1,505,1,1,0,1,1,0
50,3,1,1468,1,0,0,0,3,0
55,3,1,1284,1,1,0,1,3,0
191,6,1,94,19,2,0,9,8,1
27,1,1,569,3,1,0,0,0,0
138,10,1,58,15,4,1,7,8,1
12,2,1,1376,2,1,0,0,5,0
198,6,0,94,13,5,1,3,12,1
182,5,0,62,8,3,0,4,14,1
103,10,1,33,17,4,0,8,9,1
154,3,0,40,15,3,0,5,8,1
30,3,1,416,3,1,0,1,3,0
103,5,0,70,13,4,0,4,13,1
69,6,1,15,12,1,0,9,8,1
60,6,1,92,15,4,0,4,6,1
71,9,1,76,10,5,0,6,5,1
20,2,1,266,5,0,0,0,4,0
48,3,1,1965,1,1,0,0,4,0
18,3,1,1554,1,0,0,1,3,0
56,3,1,802,1,1,0,2,0,0
89,6,1,60,7,1,1,8,11,1
98,10,1,37,18,5,1,4,11,1
123,3,1,13,12,1,1,4,12,1
25,3,1,1984,5,1,0,2,2,0
33,3,1,1581,5,0,0,0,2,0
44,1,1,419,1,1,0,0,0,0
123,4,0,73,17,2,1,8,2,1
99,4,1,11,20,5,1,10,14,1
14,1,1,824,2,1,0,2,2,0
190,4,1,28,19,5,0,6,14,1
102,6,0,11,13,3,0,6,3,1
10,3,1,1789,0,1,0,2,2,0
46,1,1,1313,5,1,0,2,5,0
37,3,1,1293,2,1,0,2,2,0
29,3,1,1787,2,1,0,2,4,0
43,2,1,830,3,0,0,0,0,0
181,3,1,60,18,2,1,3,14,1
32,3,1,1068,0,0,0,1,2,0
102,4,0,23,19,2,1,8,14,1
53,7,1,93,16,3,0,10,15,1
37,2,1,784,5,0,0,1,4,0
189,9,1,10,10,3,1,9,5,1
79,3,0,13,8,1,0,3,14,1
171,3,1,2,9,3,0,5,6,1
88,9,1,99,12,2,1,3,11,1
157,7,0,26,15,5,1,10,5,1
170,3,1,58,11,2,0,3,9,1
79,5,1,94,17,5,1,7,3,1
37,2,1,897,5,0,0,0,4,0
117,3,1,88,13,1,0,9,15,1
13,1,1,901,2,1,0,2,0,0
54,2,1,521,1,0,0,1,5,0
129,3,1,18,12,2,0,6,11,1
49,2,1,1644,0,0,0,0,1,0
53,2,1,1204,2,0,0,0,3,0
17,2,1,1344,2,0,0,2,1,0
36,2,1,867,0,0,0,1,2,0
44,1,1,514,2,1,0,1,1,0
33,1,1,357,1,1,0,1,5,0
126,6,1,25,11,2,0,3,4,1
37,3,1,616,0,0,0,0,5,0
53,9,0,82,13,5,0,7,5,1
101,9,1,25,5,1,1,4,7,1
31,2,1,1948,4,1,0,0,2,0
56,1,1,1155,5,0,0,0,5,0
181,5,1,44,13,4,0,7,5,1
30,3,1,1268,1,0,0,0,3,0
55,1,1,854,3,0,0,2,1,0
79,5,1,80,19,5,1,5,2,1
35,3,1,1835,5,0,0,2,3,0
60,1,1,729,4,1,0,2,1,0
152,5,0,58,6,1,0,4,11,1
38,3,1,1045,5,1,0,2,5,0
22,2,1,918,1,0,0,1,1,0
170,10,0,38,16,3,0,6,10,1
22,1,1,1258,4,0,0,0,4,0
126,7,1,29,16,3,1,6,13,1
38,2,1,514,4,0,0,2,1,0
57,2,1,1107,3,1,0,0,2,0
52,1,1,1560,2,1,0,2,4,0
140,3,1,69,9,5,0,7,12,1
17,3,1,977,3,0,0,1,1,0
55,10,0,21,6,3,1,8,4,1
92,10,0,16,20,2,1,8,2,1
12,1,1,597,4,1,0,2,1,0
20,2,1,1090,3,1,0,0,2,0
151,8,0,67,7,2,1,6,10,1
63,6,1,25,18,2,1,6,3,1
74,10,0,80,12,1,0,9,8,1
61,7,1,22,19,3,1,10,3,1
189,4,0,86,19,3,0,5,14,1
21,1,1,351,4,1,0,1,0,0
124,4,0,67,5,3,1,8,2,1
25,2,1,1119,4,0,0,0,0,0
130,8,0,29,6,5,0,6,6,1
45,2,1,1761,5,1,0,0,0,0
11,3,1,849,3,1,0,1,2,0
109,10,1,35,12,2,1,10,13,1
175,5,1,43,14,2,0,10,4,1
41,1,1,538,3,1,0,2,0,0
75,9,1,41,12,2,1,8,7,1
78,9,0,68,16,3,1,9,4,1
137,4,1,55,18,1,0,5,14,1
54,3,1,1584,1,1,0,2,1,0
46,1,1,680,1,1,0,1,2,0
41,1,1,1185,5,0,0,0,2,0
128,8,1,82,6,2,0,10,8,1
37,1,1,1290,2,1,0,2,3,0
18,1,1,1841,2,1,0,1,1,0
29,1,1,1802,1,1,0,2,1,0
17,2,1,1500,1,0,0,2,1,0
21,1,1,1065,3,1,0,2,1,0
59,3,1,363,0,1,0,2,3,0
60,1,1,1366,1,0,0,0,5,0
14,3,1,1675,2,1,0,1,1,0
146,4,0,18,13,4,0,7,8,1
12,2,1,1899,5,0,0,0,5,0
112,5,0,23,12,1,1,7,14,1
56,3,1,1717,2,0,0,0,0,0
54,1,1,1896,0,1,0,2,0,0
137,7,1,94,5,5,1,3,6,1
48,2,1,916,3,1,0,0,4,0
48,3,1,722,0,0,0,0,1,0
176,10,0,75,16,1,0,5,10,1
143,10,1,83,7,1,1,4,10,1
34,2,1,1286,3,1,0,1,0,0
51,3,1,1016,4,1,0,2,0,0
117,5,0,51,11,1,0,9,4,1
40,2,1,1891,4,1,0,2,3,0
57,8,0,62,18,2,1,6,14,1
77,9,1,98,6,3,1,8,11,1
40,2,1,867,4,0,0,1,2,0
128,4,0,27,12,5,0,5,5,1
136,6,1,90,17,5,0,7,4,1
52,2,1,919,5,0,0,1,4,0
24,2,1,473,1,0,0,0,3,0
15,1,1,1479,5,0,0,1,2,0
150,9,0,61,17,5,0,3,14,1
161,10,0,70,12,2,1,4,11,1
47,1,1,503,5,1,0,2,4,0
31,2,1,730,0,1,0,0,5,0
170,8,0,47,15,3,1,10,9,1
156,10,0,93,19,3,0,9,12,1
39,3,1,880,1,0,0,0,1,0
11,3,1,1733,3,0,0,2,5,0
30,3,1,209,1,1,0,0,4,0
11,2,1,1443,5,1,0,0,3,0
23,1,1,623,4,0,0,1,5,0
74,4,1,79,5,1,0,6,8,1
150,7,0,67,9,5,0,9,10,1
21,2,1,655,4,1,0,0,0,0
127,3,1,67,6,3,1,7,3,1
22,3,1,1311,1,0,0,0,0,0
41,1,1,1601,0,1,0,2,3,0
24,2,1,960,5,1,0,2,5,0
75,8,1,59,14,5,0,7,12,1
146,8,0,43,19,3,0,7,3,1
112,7,0,8,7,1,0,6,13,1
53,7,1,47,6,1,1,10,10,1
193,3,1,58,9,4,0,7,10,1
124,7,1,4,16,4,0,7,9,1
29,3,1,696,2,1,0,0,1,0
29,2,1,1585,2,1,0,1,0,0
111,4,0,81,5,5,1,6,8,1
89,3,1,34,9,5,1,5,3,1
180,5,0,28,19,3,0,10,10,1
173,10,0,100,17,2,0,8,12,1
53,8,0,30,12,5,0,9,6,1
26,2,1,415,1,0,0,1,1,0
150,5,0,44,14,4,1,6,9,1
151,9,1,41,16,4,0,4,2,1
120,8,1,41,18,1,0,9,2,1
59,4,1,2,14,3,0,6,12,1
52,1,1,1775,0,0,0,2,1,0
45,3,1,350,1,1,0,2,3,0
26,3,1,1627,0,1,0,2,0,0
29,3,1,1230,4,0,0,0,3,0
44,3,1,1034,3,1,0,2,4,0
93,10,1,75,12,5,1,8,14,1
161,9,1,93,6,2,0,8,5,1
42,1,1,337,3,1,0,1,1,0
21,3,1,1889,5,1,0,0,1,0
21,2,1,280,2,1,0,2,2,0
151,9,0,62,10,1,0,10,2,1
57,8,0,57,18,2,1,6,14,1
21,1,1,1893,0,0,0,2,4,0
43,3,1,319,1,1,0,2,2,0
193,8,0,45,9,4,0,5,5,1
129,3,0,34,14,3,0,10,13,1
145,5,1,14,16,3,1,4,5,1
74,8,0,14,13,4,1,4,13,1
180,9,0,36,15,1,1,5,4,1
161,7,1,86,5,4,0,4,15,1
49,2,1,280,2,0,0,2,1,0
65,6,0,51,5,2,0,8,12,1
21,2,1,1210,4,1,0,1,5,0
59,10,0,1,14,2,0,7,9,1
149,8,1,45,18,2,1,10,9,1
25,2,1,495,3,0,0,2,1,0
173,3,0,72,17,4,1,6,6,1
51,3,1,356,3,1,0,2,5,0
17,2,1,1534,3,0,0,0,3,0
42,2,1,953,2,1,0,2,0,0
11,1,1,1399,1,1,0,0,5,0
18,3,1,961,1,0,0,0,0,0
35,2,1,1441,3,1,0,2,0,0
133,5,1,50,10,5,1,10,6,1
35,1,1,589,0,1,0,1,0,0
14,3,1,1336,5,0,0,2,3,0
28,1,1,1212,0,0,0,1,4,0
116,7,1,71,9,1,1,8,10,1
25,3,1,1166,1,1,0,1,2,0
40,3,1,454,3,1,0,0,0,0
34,3,1,1688,0,1,0,0,4,0
46,2,1,279,0,0,0,0,4,0
81,8,0,38,17,4,0,8,11,1
44,2,1,1144,2,1,0,0,2,0
72,8,1,65,20,5,0,4,14,1
58,2,1,1961,1,1,0,1,3,0
195,10,1,24,9,4,0,3,10,1
13,3,1,1007,0,0,0,2,2,0
190,5,0,81,8,5,0,7,8,1
47,3,1,412,0,0,0,2,1,0
161,3,1,14,20,5,1,5,7,1
46,1,1,1308,0,1,0,0,2,0
18,1,1,1180,5,1,0,2,5,0
44,1,1,548,0,1,0,1,3,0
50,2,1,575,1,1,0,1,3,0
152,9,1,47,18,4,0,8,8,1
41,1,1,1362,0,1,0,1,0,0
138,6,0,26,16,4,1,7,7,1
157,8,0,17,14,5,1,8,7,1
35,3,1,390,2,0,0,2,3,0
87,8,0,67,6,1,1,10,8,1
108,4,0,15,5,4,1,10,4,1
54,1,1,916,5,1,0,0,0,0
60,5,0,97,10,2,1,6,9,1
52,2,1,475,5,1,0,0,3,0
130,9,1,10,12,5,0,6,10,1
28,1,1,367,4,0,0,1,5,0
150,3,1,69,8,2,0,6,7,1
109,7,1,46,13,3,0,5,8,1
180,3,1,36,5,3,0,4,5,1
12,2,1,905,0,1,0,2,5,0
172,4,0,82,11,5,1,6,3,1
194,10,0,33,13,5,1,5,11,1
58,3,1,728,5,0,0,1,5,0
160,5,1,75,15,4,1,4,11,1
55,3,1,1388,5,0,0,2,0,0
120,10,0,58,12,5,1,5,7,1
113,7,1,95,7,2,0,7,5,1
120,9,0,38,13,4,0,4,4,1
57,1,1,1240,2,0,0,0,2,0
163,6,0,50,14,1,1,5,10,1
34,2,1,1532,4,0,0,1,0,0
35,2,1,1940,1,1,0,2,4,0
45,3,1,419,5,1,0,2,4,0
63,3,1,98,13,4,0,4,13,1
21,2,1,1305,1,1,0,2,4,0
92,8,1,82,19,2,1,6,15,1
22,1,1,1306,5,0,0,0,5,0
196,8,1,91,8,4,1,9,10,1
35,1,1,320,3,1,0,0,3,0
105,6,1,62,12,4,1,7,10,1
29,3,1,894,3,1,0,2,4,0
76,5,0,5,7,3,1,5,13,1
134,8,0,37,17,2,1,5,15,1
24,3,1,856,5,0,0,1,2,0
43,2,1,1273,1,1,0,0,3,0
11,1,1,1847,5,1,0,2,3,0
20,1,1,642,5,1,0,2,4,0
108,6,1,50,18,3,0,6,2,1
19,1,1,835,3,1,0,2,2,0
15,3,1,1745,3,1,0,0,5,0
47,3,1,512,4,0,0,1,4,0
185,6,1,94,5,1,0,7,11,1
34,2,1,1662,3,1,0,2,1,0
61,9,1,55,9,1,1,3,5,1
21,1,1,459,0,1,0,1,3,0
83,3,0,40,6,4,0,4,2,1
122,7,0,100,9,3,1,4,13,1
22,1,1,1953,5,0,0,2,0,0
47,2,1,1613,5,0,0,2,0,0
88,7,0,79,9,5,0,8,3,1
43,3,1,442,4,1,0,2,2,0
23,3,1,1477,4,0,0,0,5,0
182,6,0,86,5,2,0,6,11,1
31,2,1,691,2,1,0,0,3,0
100,4,0,73,7,5,0,8,14,1
49,2,1,571,1,1,0,2,0,0
146,6,0,44,9,4,0,8,9,1
57,2,1,1282,0,1,0,2,5,0
50,1,1,1061,0,1,0,1,0,0
40,2,1,413,5,0,0,2,3,0
73,4,0,69,7,2,0,3,14,1
43,2,1,1858,4,0,0,1,1,0
180,6,1,25,16,2,0,10,5,1
126,10,1,90,16,4,0,5,11,1
16,3,1,1026,1,1,0,1,2,0
38,1,1,468,5,0,0,1,2,0
22,3,1,749,4,0,0,2,0,0
170,4,1,77,13,3,0,3,13,1
67,7,1,57,9,2,1,8,10,1
56,3,1,870,1,1,0,1,2,0
33,3,1,1301,4,0,0,1,0,0
188,8,1,74,18,2,1,6,7,1
53,3,1,85,16,2,1,9,6,1
196,6,0,31,15,2,1,7,7,1
44,3,1,1936,2,0,0,2,1,0
55,10,1,13,7,4,0,4,6,1
19,2,1,1449,3,1,0,0,2,0
49,2,1,899,0,1,0,2,3,0
93,3,0,57,17,5,1,3,9,1
41,2,1,1623,4,0,0,0,4,0
17,2,1,409,4,1,0,0,0,0
75,9,0,59,15,3,0,5,3,1
19,1,1,973,3,0,0,0,3,0
101,3,0,71,8,5,1,3,14,1
48,2,1,339,2,0,0,1,0,0
25,3,1,977,0,0,0,0,4,0
47,1,1,1299,0,1,0,1,2,0
50,2,1,865,5,1,0,1,3,0
81,9,1,33,12,5,1,6,10,1
147,6,1,55,11,3,1,9,15,1
37,2,1,1250,4,1,0,0,2,0
58,3,1,550,2,0,0,1,0,0
174,10,0,93,7,3,0,5,11,1
51,3,1,736,1,1,0,0,3,0
188,5,1,85,9,3,1,4,4,1
17,3,1,932,5,0,0,0,2,0
32,1,1,931,1,1,0,0,1,0
115,3,1,39,8,3,0,5,7,1
30,3,1,501,2,0,0,0,1,0
97,10,1,26,5,2,0,7,5,1
178,8,0,28,17,5,0,10,8,1
126,7,1,98,14,4,0,10,6,1
22,3,1,1755,4,1,0,1,0,0
78,3,1,54,16,2,1,4,12,1
51,1,1,447,4,1,0,0,0,0
128,4,0,97,5,2,0,7,9,1
130,6,1,27,12,3,0,7,12,1
56,8,0,90,10,4,0,8,10,1
73,7,1,10,8,4,0,10,3,1
138,9,0,7,5,3,0,4,11,1
29,2,1,1102,3,0,0,2,1,0
23,3,1,1556,3,0,0,0,2,0
29,2,1,939,5,1,0,2,3,0
26,1,1,742,1,1,0,0,4,0
54,1,1,553,2,1,0,1,2,0
47,2,1,1938,4,0,0,0,2,0
151,3,1,29,19,1,0,9,14,1
53,2,1,281,2,0,0,2,4,0
19,2,1,1839,4,0,0,0,2,0
32,1,1,301,4,1,0,2,4,0
20,2,1,1324,4,1,0,1,0,0
52,4,0,49,15,4,0,4,3,1
156,8,0,54,11,5,1,7,3,1
55,3,1,502,2,0,0,1,3,0
25,3,1,563,0,1,0,1,1,0
147,6,0,55,19,4,0,3,15,1
30,1,1,760,0,0,0,1,1,0
11,1,1,1233,2,0,0,0,1,0
136,10,1,32,14,3,0,10,12,1
124,4,1,14,5,3,0,10,8,1
48,3,1,1239,4,0,0,2,5,0
36,2,1,1861,2,0,0,2,3,0
56,2,1,319,5,1,0,1,2,0
13,3,1,601,2,1,0,2,3,0
50,1,1,1460,4,0,0,1,3,0
127,6,1,11,16,5,1,3,13,1
19,2,1,1723,4,1,0,1,2,0
58,1,1,201,4,1,0,2,5,0
115,3,1,40,13,1,1,8,6,1
91,8,0,34,5,1,0,4,6,1
152,6,1,84,11,4,1,9,2,1
193,10,1,77,12,3,1,8,7,1
153,5,1,60,11,3,0,4,5,1
150,10,0,6,5,3,1,3,7,1
23,3,1,718,5,1,0,1,2,0
25,2,1,914,5,1,0,0,2,0
38,1,1,1239,4,1,0,2,2,0
121,7,0,25,13,5,1,7,9,1
59,9,0,37,10,1,0,4,9,1
107,5,1,88,11,5,0,10,8,1
40,3,1,958,5,0,0,2,1,0
180,3,1,98,14,3,0,8,5,1
100,5,1,88,20,5,0,7,8,1
92,6,1,71,5,3,0,3,6,1
40,2,1,801,4,0,0,2,4,0
162,7,1,47,8,2,0,10,13,1
47,3,1,1291,1,1,0,1,1,0
51,7,1,5,20,2,1,6,3,1
109,8,1,42,10,5,1,7,15,1
131,10,0,80,6,3,1,5,13,1
177,7,1,19,9,1,0,5,8,1
43,3,1,697,5,1,0,2,3,0
188,9,1,17,8,2,1,4,4,1
10,2,1,659,1,1,0,1,4,0
92,6,1,52,15,2,0,5,4,1
21,3,1,436,1,1,0,2,3,0
24,1,1,1361,3,0,0,2,5,0
56,2,1,1515,2,0,0,2,4,0
89,9,1,53,6,1,1,8,10,1
197,10,0,7,14,1,0,9,4,1
87,5,1,1,19,4,1,9,12,1
150,9,1,81,18,3,0,7,12,1
60,2,1,1450,1,0,0,2,0,0
73,6,1,11,17,4,1,7,15,1
43,3,1,1567,3,1,0,1,5,0
59,1,1,1147,0,1,0,0,0,0
23,3,1,481,0,0,0,1,4,0
158,3,0,35,18,3,0,8,10,1
99,6,1,22,20,1,0,4,2,1
50,1,1,1442,5,0,0,0,2,0
47,2,1,994,0,1,0,2,3,0
40,1,1,548,2,0,0,0,2,0
96,9,1,79,5,3,1,3,14,1
20,1,1,472,1,0,0,2,4,0
168,8,1,32,16,2,0,5,10,1
59,3,1,792,1,0,0,1,2,0
57,1,1,1850,4,1,0,0,1,0
79,10,1,14,9,2,0,8,4,1
106,4,1,73,13,1,0,7,2,1
171,10,0,87,19,5,1,8,7,1
200,9,0,51,16,2,1,3,4,1
97,7,1,63,16,1,1,7,7,1
17,2,1,1291,0,0,0,0,5,0
119,6,1,22,16,2,0,4,4,1
60,2,1,250,0,0,0,0,0,0
47,3,1,560,4,1,0,1,1,0
143,7,0,35,19,1,1,5,9,1
55,2,1,1490,4,1,0,0,0,0
35,2,1,577,5,1,0,0,4,0
170,7,1,64,10,2,1,6,7,1
31,2,1,769,4,1,0,2,5,0
51,3,1,1867,1,0,0,0,3,0
194,7,1,95,8,3,1,6,8,1
99,3,1,66,6,4,1,5,6,1
154,8,1,23,11,3,0,3,12,1
40,1,1,1696,5,0,0,2,0,0
10,3,1,1442,3,1,0,2,1,0
13,3,1,982,2,1,0,2,2,0
11,2,1,746,4,1,0,0,5,0
30,2,1,887,1,0,0,2,0,0
19,2,1,1167,5,1,0,1,5,0
43,2,1,1559,5,1,0,1,5,0
193,8,0,34,6,3,1,3,12,1
150,10,0,76,17,2,0,5,11,1
105,5,0,23,18,3,0,10,9,1
54,3,1,674,5,0,0,2,3,0
35,1,1,742,2,1,0,1,1,0
22,2,1,653,3,1,0,0,2,0
52,2,1,649,1,0,0,1,1,0
34,2,1,1479,5,0,0,1,1,0
55,2,1,1603,3,0,0,0,5,0
36,3,1,514,5,1,0,2,3,0
18,2,1,1434,5,1,0,1,5,0
46,2,1,1560,1,1,0,0,4,0
52,4,1,61,20,3,0,4,14,1
12,1,1,472,1,1,0,2,3,0
52,3,1,583,0,0,0,2,5,0
129,4,0,49,15,2,0,9,9,1
60,2,1,1754,0,0,0,2,4,0
30,1,1,974,3,1,0,0,0,0
90,5,0,6,6,2,1,8,7,1
41,3,1,1982,4,1,0,0,5,0
54,1,1,1472,0,0,0,1,1,0
22,2,1,1196,2,0,0,2,5,0
101,8,1,74,8,2,0,10,11,1
156,3,0,1,16,4,1,9,13,1
41,1,1,1691,2,1,0,1,4,0
75,7,0,43,6,3,0,7,14,1
127,7,0,55,19,2,1,5,7,1
133,4,0,21,20,1,0,7,15,1
93,6,1,79,15,5,1,3,7,1
57,1,1,871,2,0,0,0,2,0
31,1,1,561,3,1,0,0,1,0
123,7,1,90,10,2,0,4,2,1
60,3,1,1204,4,0,0,1,4,0
42,1,1,737,5,1,0,0,5,0
62,3,1,64,16,3,1,9,8,1
121,6,1,14,16,1,1,10,3,1
128,10,0,43,10,1,0,8,14,1
58,5,1,83,17,3,0,4,8,1
36,2,1,1114,5,1,0,2,1,0
23,3,1,1738,4,0,0,2,2,0
14,2,1,1265,2,0,0,2,1,0
44,3,1,502,5,1,0,2,2,0
143,7,0,35,11,3,1,5,12,1
45,2,1,1107,2,0,0,1,4,0
170,5,1,73,6,5,1,9,3,1
36,3,1,1641,1,1,0,2,2,0
107,5,0,50,16,3,0,5,5,1
21,2,1,1371,3,0,0,1,1,0
195,3,1,74,16,3,0,9,12,1
67,8,1,83,17,2,0,10,3,1
15,2,1,696,3,0,0,2,2,0
173,8,0,21,19,2,0,8,15,1
172,5,1,32,19,3,1,6,15,1
196,5,1,20,9,5,0,4,12,1
30,1,1,657,1,0,0,1,0,0
120,9,1,25,12,3,1,9,6,1
133,10,1,65,17,2,0,10,13,1
23,1,1,1226,1,0,0,1,4,0
86,3,1,32,12,2,0,5,8,1
38,2,1,993,0,1,0,2,1,0
91,8,1,48,13,1,0,4,8,1
16,2,1,324,2,0,0,0,1,0
61,4,1,16,19,4,1,4,5,1
197,6,1,24,14,1,1,7,10,1
20,3,1,1783,3,1,0,2,5,0
171,3,0,40,14,5,0,4,10,1
40,3,1,1177,0,0,0,2,5,0
93,4,0,24,15,3,1,3,12,1
147,6,0,63,5,4,1,5,9,1
20,2,1,653,5,0,0,1,4,0
47,1,1,418,2,0,0,2,5,0
24,3,1,308,5,0,0,0,4,0
21,3,1,1873,1,1,0,0,3,0
182,8,1,39,19,3,1,3,14,1
133,7,0,56,8,1,0,5,15,1
105,10,1,87,12,4,0,5,10,1
92,4,1,20,7,1,1,5,9,1
40,3,1,825,1,1,0,2,3,0
105,6,0,20,19,5,0,5,9,1
127,10,0,89,11,3,1,10,10,1
48,2,1,1594,0,0,0,0,2,0
172,8,0,44,14,3,0,4,3,1
115,8,1,1,18,5,0,3,12,1
85,5,1,67,20,5,1,7,3,1
50,2,1,589,4,1,0,0,5,0
38,3,1,307,2,0,0,0,3,0
59,3,1,845,4,1,0,0,1,0
52,4,1,54,13,1,1,7,7,1
14,2,1,681,5,1,0,2,2,0
136,6,0,70,10,3,1,10,5,1
22,1,1,1288,3,1,0,0,4,0
74,9,0,47,9,2,0,5,6,1
74,6,1,1,19,2,0,8,13,1
143,5,1,29,20,2,0,9,14,1
145,6,1,89,11,2,0,4,8,1
91,7,1,61,6,4,0,6,5,1
90,10,0,89,5,5,0,6,15,1
37,3,1,503,1,1,0,1,5,0
59,1,1,439,0,0,0,0,0,0
57,1,1,1974,2,0,0,0,2,0
162,3,0,79,11,4,0,7,10,1
82,9,0,86,7,5,0,10,11,1
53,3,1,1729,0,1,0,1,2,0
52,2,1,319,2,0,0,1,3,0
31,1,1,789,3,0,0,1,3,0
175,6,1,81,19,2,1,5,12,1
26,2,1,448,1,1,0,0,1,0
40,3,1,1111,0,1,0,0,3,0
89,6,0,34,7,1,0,6,4,1
132,9,1,72,12,4,1,10,13,1
90,7,1,33,12,2,0,8,13,1
89,10,0,76,18,4,1,6,12,1
27,3,1,1290,3,1,0,1,5,0
134,3,1,98,8,1,0,3,5,1
33,1,1,1348,3,1,0,0,1,0
72,10,1,39,16,5,0,4,9,1
57,3,1,417,5,0,0,0,1,0
91,3,0,13,15,1,1,10,6,1
162,3,0,72,19,5,0,9,15,1
87,3,1,19,8,3,0,6,5,1
23,3,1,210,0,1,0,2,4,0
40,1,1,1225,1,0,0,2,4,0
21,2,1,1221,0,1,0,1,3,0
158,10,0,65,6,2,1,3,10,1
92,4,1,1,6,5,1,10,5,1
107,7,0,3,8,5,0,10,2,1
182,9,1,72,16,3,0,4,12,1
18,2,1,784,1,0,0,1,4,0
52,3,1,921,4,0,0,1,3,0
78,6,1,91,20,4,0,8,15,1
127,9,1,58,5,1,1,7,12,1
30,1,1,323,3,0,0,1,5,0
46,1,1,1493,4,1,0,2,5,0
168,3,0,73,13,5,1,6,9,1
23,2,1,1281,3,1,0,2,5,0
48,3,1,1843,1,0,0,1,0,0
106,9,0,23,11,2,0,8,7,1
12,2,1,654,1,0,0,0,1,0
122,4,0,62,8,4,0,7,9,1
50,2,1,1192,2,0,0,0,2,0
34,2,1,1037,2,1,0,1,0,0
195,6,0,60,16,2,0,7,13,1
131,9,1,56,14,5,1,3,3,1
46,3,1,1833,1,0,0,2,1,0
129,5,0,37,5,3,1,3,12,1
78,5,1,80,5,4,0,3,12,1
29,3,1,1927,1,0,0,0,0,0
57,3,1,1449,0,1,0,2,3,0
43,1,1,1060,0,0,0,1,5,0
36,1,1,1169,4,0,0,0,3,0
161,3,1,82,16,2,0,5,15,1
11,3,1,1820,5,0,0,0,3,0
40,2,1,513,2,0,0,2,0,0
44,2,1,854,2,0,0,0,0,0
102,9,1,40,13,5,0,6,10,1
24,3,1,1755,0,1,0,0,0,0
31,2,1,311,3,1,0,2,3,0
17,1,1,535,3,1,0,2,3,0
117,7,1,7,10,2,1,6,2,1
187,9,0,69,6,1,1,3,13,1
50,3,1,657,3,0,0,1,0,0
44,3,1,834,1,0,0,2,0,0
100,7,1,8,6,2,0,10,5,1
18,1,1,789,5,1,0,0,5,0
131,9,1,16,14,1,0,6,12,1
38,1,1,930,0,0,0,1,2,0
179,6,1,43,20,4,0,3,4,1
192,9,0,69,18,3,1,10,12,1
126,7,0,6,20,4,1,9,3,1
17,3,1,1338,5,0,0,1,0,0
101,5,0,26,15,1,1,3,10,1
129,10,0,94,5,2,1,3,2,1
24,1,1,1022,2,0,0,2,3,0
189,6,0,75,20,2,1,10,14,1
25,1,1,429,0,0,0,1,5,0
53,6,1,36,18,3,1,9,12,1
40,2,1,1960,3,0,0,0,3,0
162,9,1,94,20,4,1,8,11,1
41,1,1,1862,5,1,0,1,2,0
162,9,0,18,11,2,0,7,6,1
29,1,1,1209,5,1,0,0,4,0
166,4,0,63,17,3,1,6,7,1
123,7,0,75,8,1,1,9,5,1
99,7,0,88,8,1,1,10,8,1
60,3,1,1205,2,0,0,2,4,0
21,1,1,1679,5,1,0,2,2,0
153,8,1,62,6,1,0,8,11,1
189,6,1,73,9,2,1,9,7,1
40,1,1,1482,3,1,0,2,1,0
77,5,0,71,5,1,0,10,5,1
40,3,1,1960,5,0,0,2,0,0
166,9,0,53,8,3,0,7,9,1
35,1,1,1523,3,0,0,0,5,0
10,3,1,527,3,0,0,1,1,0
49,1,1,235,3,0,0,1,5,0
19,3,1,612,1,1,0,2,0,0
80,7,0,2,6,2,1,10,10,1
42,3,1,1157,4,1,0,2,0,0
12,2,1,313,1,1,0,2,5,0
49,1,1,534,0,1,0,1,4,0
61,4,1,19,13,3,0,4,5,1
146,5,1,9,8,4,0,6,15,1
24,2,1,1477,2,1,0,0,4,0
42,2,1,1524,3,1,0,0,4,0
70,8,1,36,18,3,0,7,9,1
12,1,1,1109,1,0,0,1,3,0
105,4,1,4,18,5,1,8,11,1
18,3,1,1300,4,0,0,0,5,0
30,3,1,584,0,1,0,1,3,0
35,1,1,1580,3,1,0,2,2,0
136,6,0,78,19,5,0,5,12,1
120,6,0,57,6,2,1,3,10,1
34,3,1,286,5,1,0,0,3,0
47,1,1,1260,0,1,0,0,5,0
29,2,1,1107,0,0,0,1,3,0
55,2,1,518,3,0,0,0,2,0
34,1,1,213,3,1,0,1,1,0
196,4,1,19,14,3,1,6,15,1
14,2,1,1359,5,1,0,0,5,0
19,1,1,1832,2,1,0,0,2,0
29,3,1,740,2,1,0,2,0,0
143,9,1,41,7,3,1,7,14,1
179,6,1,90,13,3,0,8,10,1
14,3,1,316,4,0,0,0,0,0
11,2,1,1516,2,1,0,0,2,0
188,8,1,56,17,4,0,8,8,1
190,5,0,17,16,2,0,7,8,1
200,3,0,32,9,3,1,5,8,1
185,8,1,35,14,2,0,8,9,1
34,3,1,1488,2,1,0,2,0,0
55,1,1,790,4,0,0,0,3,0
57,7,1,29,19,5,0,6,14,1
14,2,1,937,3,1,0,1,4,0
49,3,1,711,4,0,0,0,4,0
23,3,1,1832,0,1,0,0,1,0
144,10,1,77,17,5,1,10,4,1
62,4,1,55,14,4,0,9,5,1
58,2,1,614,5,0,0,1,3,0
161,8,1,47,7,2,0,7,15,1
127,9,1,32,18,5,1,4,8,1
24,3,1,1381,3,0,0,1,0,0
116,3,0,29,14,2,0,6,9,1
141,3,0,98,11,1,1,9,5,1
29,3,1,1924,3,1,0,0,2,0
54,3,1,1950,3,1,0,0,3,0
52,1,1,860,4,1,0,1,1,0
55,1,1,1991,0,1,0,1,5,0
10,3,1,1062,1,0,0,0,1,0
42,1,1,535,1,1,0,2,3,0
18,1,1,625,5,0,0,0,4,0
165,8,1,36,14,5,0,9,14,1
51,2,1,616,2,0,0,1,0,0
28,1,1,1103,3,0,0,2,0,0
15,1,1,781,1,1,0,2,1,0
139,7,0,12,19,2,1,8,3,1
48,1,1,320,2,1,0,2,4,0
57,2,1,1064,2,0,0,0,5,0
59,1,1,1681,2,0,0,0,2,0
31,2,1,862,2,1,0,2,1,0
46,1,1,1709,4,0,0,1,2,0
42,2,1,502,2,0,0,1,5,0
103,10,0,50,11,5,0,6,15,1
181,6,0,100,16,2,1,4,11,1
86,5,0,47,11,2,1,6,3,1
152,4,0,5,8,1,0,7,4,1
112,4,0,86,14,2,1,7,11,1
23,3,1,945,4,1,0,1,0,0
48,2,1,1938,2,0,0,1,4,0
51,2,1,624,0,0,0,1,1,0
56,9,0,61,5,3,1,8,11,1
154,8,0,92,8,5,1,8,14,1
14,3,1,218,2,1,0,1,3,0
24,2,1,1038,0,0,0,0,1,0
43,3,1,1367,4,0,0,2,4,0
40,2,1,393,4,0,0,2,4,0
45,1,1,1611,1,0,0,0,0,0
48,3,1,370,2,1,0,2,5,0
30,1,1,826,4,1,0,1,5,0
16,2,1,1959,5,1,0,0,0,0
33,1,1,1054,4,1,0,2,1,0
124,5,1,64,8,1,0,8,7,1
123,6,1,19,10,1,1,9,4,1
48,3,1,1679,0,0,0,0,2,0
15,1,1,522,2,0,0,0,1,0
182,5,0,8,8,1,1,7,8,1
126,10,1,96,12,3,0,3,6,1
189,4,0,72,15,3,0,7,4,1
113,10,0,22,15,3,0,10,10,1
102,10,1,23,13,2,1,10,13,1
16,3,1,1164,1,0,0,2,4,0
58,1,1,1165,3,1,0,1,5,0
66,10,1,28,18,4,0,6,11,1
144,5,1,84,16,5,1,9,10,1
14,3,1,1351,1,1,0,2,0,0
41,3,1,1313,0,0,0,2,0,0
28,1,1,1564,1,0,0,0,5,0
68,10,0,18,19,1,1,5,15,1
36,3,1,1943,0,0,0,2,3,0
73,6,0,51,11,3,1,6,3,1
21,1,1,877,5,1,0,2,2,0
115,5,0,30,18,2,1,6,10,1
95,7,1,37,12,5,1,5,8,1
48,3,1,1445,2,1,0,2,5,0
102,9,0,87,19,5,1,4,5,1
169,8,0,27,9,1,1,9,3,1
172,8,0,8,11,1,1,3,10,1
40,1,1,370,0,0,0,0,1,0
53,7,0,18,5,1,1,7,12,1
188,10,1,31,9,4,1,8,7,1
155,10,0,53,5,4,1,9,13,1
147,8,1,25,20,2,1,4,14,1
196,9,0,14,16,2,1,7,15,1
156,6,0,23,18,5,1,7,8,1
51,2,1,1586,2,0,0,0,3,0
167,8,0,55,8,1,0,10,9,1
164,9,0,74,18,2,0,6,3,1
56,5,1,43,10,2,0,4,10,1
93,7,1,44,6,5,1,4,2,1
180,6,1,9,10,4,0,4,2,1
96,10,0,84,5,3,1,10,8,1
154,3,0,33,5,4,1,7,4,1
33,1,1,855,0,0,0,0,0,0
17,1,1,640,3,1,0,0,2,0
11,1,1,1894,3,0,0,0,2,0
32,1,1,980,1,0,0,2,2,0
39,1,1,329,5,1,0,0,5,0
94,4,1,80,14,1,0,7,2,1
190,4,0,82,20,4,0,8,14,1
119,10,1,5,15,1,0,9,5,1
151,9,1,72,10,3,1,6,2,1
12,3,1,1120,0,0,0,1,3,0
165,5,0,69,12,5,1,10,7,1
25,2,1,998,1,1,0,1,4,0
133,4,0,87,18,3,0,7,10,1
67,4,0,76,15,4,1,3,10,1
59,10,1,7,14,5,0,4,5,1
42,1,1,273,2,1,0,1,5,0
147,9,1,46,12,1,1,9,12,1
92,10,0,56,9,5,0,4,9,1
14,2,1,1269,5,0,0,1,1,0
87,8,1,1,19,5,0,4,8,1
37,1,1,329,5,0,0,0,2,0
58,2,1,351,0,0,0,1,5,0
46,2,1,1969,5,0,0,1,3,0
135,9,0,14,10,1,0,6,6,1
18,2,1,501,3,0,0,1,2,0
181,5,1,3,16,5,0,3,13,1
105,8,0,90,9,3,0,9,6,1
53,2,1,384,2,0,0,2,5,0
15,3,1,1688,4,0,0,2,3,0
10,2,1,1338,3,1,0,0,4,0
134,10,0,64,18,3,1,6,15,1
11,1,1,1478,4,0,0,1,2,0
101,5,0,58,16,5,0,9,11,1
60,3,1,938,4,0,0,0,5,0
50,1,1,625,3,0,0,2,1,0
91,5,1,66,6,1,1,3,8,1
12,2,1,1354,4,1,0,0,4,0
166,6,1,6,19,5,1,9,12,1
51,3,1,1887,5,0,0,1,1,0
186,4,1,95,6,4,0,8,13,1
141,9,0,17,14,4,1,6,2,1
75,5,0,85,9,1,1,9,7,1
41,3,1,644,1,1,0,1,5,0
105,9,0,21,5,2,1,9,7,1
31,3,1,1690,0,1,0,1,4,0
112,3,1,93,10,5,0,8,5,1
10,2,1,1503,5,1,0,1,5,0
127,7,0,22,17,1,0,9,2,1
53,3,1,1783,1,1,0,0,4,0
56,2,1,1243,5,0,0,2,5,0
59,3,1,630,5,0,0,1,0,0
28,1,1,1628,5,0,0,2,0,0
15,2,1,1440,0,0,0,1,0,0
59,2,1,1100,5,0,0,2,5,0
104,5,0,39,15,2,0,7,4,1
13,3,1,1438,1,1,0,0,4,0
168,10,1,60,20,1,1,9,5,1
57,2,1,1765,0,1,0,1,3,0
141,8,0,57,11,2,1,6,12,1
30,3,1,1023,0,1,0,2,0,0
11,2,1,649,3,1,0,0,5,0
174,3,1,70,19,2,1,8,8,1
19,3,1,1571,5,0,0,0,2,0
56,1,1,1462,0,0,0,0,1,0
46,2,1,496,0,0,0,1,1,0
32,3,1,1504,1,1,0,0,1,0
11,3,1,1905,0,1,0,1,2,0
161,8,0,59,17,5,0,7,4,1
24,1,1,435,5,1,0,1,4,0
38,3,1,1079,2,1,0,2,4,0
28,1,1,1688,1,0,0,1,3,0
157,7,1,92,7,3,1,5,9,1
200,8,0,80,19,2,1,3,10,1
139,6,0,32,17,4,0,3,13,1
182,4,0,3,20,1,0,7,13,1
49,1,1,1562,2,0,0,2,2,0
18,1,1,635,4,1,0,1,0,0
67,4,0,95,19,3,1,5,13,1
54,2,1,285,3,0,0,0,1,0
23,2,1,1996,3,0,0,1,0,0
14,3,1,1763,1,0,0,1,3,0
26,1,1,576,2,0,0,1,2,0
55,2,1,616,5,1,0,1,2,0
28,3,1,1089,1,1,0,2,3,0
51,3,1,1961,0,0,0,1,3,0
26,3,1,1218,5,1,0,0,0,0
51,1,1,1714,5,0,0,0,1,0
35,3,1,1188,5,0,0,2,4,0
28,3,1,1614,3,0,0,1,3,0
19,3,1,1158,4,1,0,1,5,0
112,3,0,27,9,1,0,10,8,1
132,9,0,9,18,5,1,9,2,1
32,3,1,297,3,1,0,1,1,0
27,2,1,1596,1,1,0,2,4,0
117,3,0,28,6,1,1,4,14,1
11,1,1,644,1,1,0,0,0,0
181,10,0,27,9,1,0,9,11,1
87,9,0,23,9,4,1,6,11,1
24,2,1,1327,4,1,0,1,0,0
50,2,1,294,1,1,0,1,2,0
74,9,0,71,6,2,0,6,14,1
54,3,1,786,0,0,0,2,2,0
32,1,1,1942,0,0,0,1,4,0
58,3,0,7,11,4,1,8,3,1
129,8,1,91,6,3,0,7,13,1
40,3,1,1049,1,1,0,1,2,0
52,3,1,374,5,0,0,1,2,0
185,10,0,92,9,2,0,6,8,1
60,3,1,992,1,0,0,0,1,0
60,3,1,212,3,0,0,1,0,0
58,3,1,363,5,1,0,2,3,0
102,8,0,14,5,1,1,4,6,1
56,4,0,40,10,3,1,4,7,1
61,7,1,90,7,4,0,7,8,1
30,3,1,1104,4,0,0,0,3,0
101,8,0,45,14,4,1,4,10,1
190,10,0,36,17,4,1,9,6,1
164,4,0,3,10,1,1,8,6,1
56,1,1,590,1,1,0,2,2,0
76,4,0,70,6,2,0,9,5,1
59,9,1,23,10,1,0,8,15,1
62,7,1,49,6,5,1,8,11,1
45,2,1,1792,4,0,0,1,5,0
46,3,1,1302,3,0,0,1,2,0
12,1,1,236,2,1,0,1,5,0
103,6,0,79,9,4,1,8,5,1
60,1,1,709,5,0,0,1,3,0
19,1,1,943,2,0,0,2,3,0
58,1,1,278,4,1,0,0,5,0
56,3,1,1226,2,0,0,0,0,0
42,2,1,222,5,0,0,2,1,0
36,3,1,1641,0,1,0,2,2,0
189,8,1,36,5,5,1,9,14,1
44,3,1,1608,3,1,0,2,5,0
50,3,1,327,4,0,0,2,3,0
32,1,1,1659,0,0,0,2,3,0
58,1,1,1375,4,0,0,1,1,0
54,2,1,1465,0,0,0,1,0,0
136,7,1,65,17,2,1,10,6,1
29,3,1,1580,5,0,0,1,1,0
131,10,0,27,16,3,1,8,4,1
50,1,1,724,2,0,0,0,4,0
42,2,1,490,3,1,0,0,3,0
38,2,1,1506,0,1,0,0,0,0
44,2,1,1476,0,1,0,1,2,0
155,3,1,77,6,3,1,5,7,1
113,6,0,72,15,2,0,5,5,1
153,8,1,37,5,1,0,5,12,1
44,1,1,1780,5,1,0,2,2,0
180,9,0,97,6,4,1,7,7,1
58,3,1,1205,0,0,0,0,3,0
41,3,1,421,3,0,0,1,5,0
12,1,1,1465,4,0,0,2,0,0
184,9,0,11,5,3,0,7,9,1
160,8,0,77,5,2,1,10,13,1
143,4,0,27,8,2,1,10,6,1
181,10,1,26,5,4,0,10,15,1
54,3,1,1194,0,0,0,2,0,0
33,1,1,1193,4,1,0,2,5,0
33,1,1,1577,4,1,0,0,2,0
34,2,1,871,3,1,0,2,3,0
37,1,1,698,1,1,0,2,5,0
177,5,0,31,9,2,1,5,5,1
42,1,1,1974,2,0,0,0,0,0
14,2,1,1162,0,1,0,0,1,0
170,3,0,31,9,2,1,8,13,1
135,6,1,66,5,4,1,9,8,1
59,3,1,322,5,0,0,2,2,0
143,6,1,62,12,3,0,4,13,1
60,7,0,19,5,4,1,7,13,1
126,8,0,94,14,1,0,5,15,1
108,3,1,91,9,2,0,7,7,1
20,1,1,895,0,0,0,2,2,0
55,2,1,1741,3,0,0,2,0,0
54,8,1,63,13,5,0,3,2,1
41,3,1,448,2,0,0,0,1,0
40,3,1,274,0,1,0,1,0,0
139,7,0,13,6,2,0,5,7,1
176,4,0,54,15,3,0,3,11,1
14,3,1,710,2,1,0,2,5,0
128,4,1,31,11,3,1,5,15,1
21,2,1,1401,4,0,0,2,3,0
55,1,1,1490,1,1,0,2,5,0
102,5,1,71,8,4,0,3,11,1
21,1,1,1486,2,0,0,2,0,0
123,4,0,77,14,2,1,10,8,1
43,2,1,1877,3,1,0,1,4,0
134,4,0,58,16,4,0,10,12,1
46,3,1,619,4,1,0,1,3,0
124,5,1,70,12,2,1,6,8,1
16,1,1,1801,3,1,0,0,4,0
107,5,0,59,15,3,0,8,4,1
57,2,1,471,0,1,0,2,3,0
128,10,0,3,12,2,1,10,2,1
148,6,0,95,16,3,0,5,13,1
56,1,1,1329,0,0,0,1,3,0
134,4,1,89,16,4,1,7,11,1
17,1,1,924,4,0,0,0,0,0
101,9,0,42,20,4,0,8,6,1
22,3,1,1072,3,1,0,0,0,0
117,5,1,9,18,3,0,9,13,1
135,3,0,9,17,2,0,10,12,1
156,3,0,79,9,5,1,7,14,1
22,1,1,953,0,0,0,2,2,0
79,4,1,80,5,5,1,10,4,1
15,1,1,227,5,0,0,2,4,0
56,3,1,902,0,1,0,0,5,0
49,1,1,963,1,0,0,0,3,0
75,7,1,2,15,3,0,6,11,1
185,7,0,83,7,5,1,6,11,1
112,5,0,50,13,5,1,4,11,1
145,4,0,48,11,2,0,10,7,1
46,3,1,940,2,0,0,1,0,0
15,1,1,1543,3,1,0,1,3,0
19,1,1,696,0,0,0,2,4,0
68,3,0,77,11,5,1,6,13,1
119,7,1,79,17,1,0,3,14,1
69,3,1,84,20,1,0,7,7,1
132,8,0,42,6,5,0,9,13,1
188,7,1,14,6,3,0,7,7,1
91,8,0,80,16,1,0,10,8,1
126,6,0,17,6,5,0,4,9,1
167,9,0,5,11,1,0,9,9,1
160,3,0,71,9,5,0,5,14,1
160,6,0,47,13,1,0,3,14,1
49,1,1,490,2,1,0,1,2,0
200,9,1,87,11,4,1,5,9,1
88,9,0,6,11,5,1,4,2,1
55,1,1,401,5,1,0,1,4,0
60,8,0,38,13,4,0,4,4,1
49,3,1,1736,5,1,0,2,4,0
53,1,1,743,2,1,0,0,1,0
54,7,1,62,19,5,0,4,5,1
181,3,0,50,15,4,1,9,2,1
19,2,1,260,5,0,0,1,3,0
57,3,1,449,4,0,0,2,2,0
111,9,0,33,17,3,0,5,3,1
195,6,0,33,17,3,1,7,11,1
193,7,0,91,13,1,0,9,10,1
132,8,0,13,5,1,1,7,14,1
44,3,1,335,0,0,0,1,0,0
72,4,1,44,12,1,1,10,4,1
58,1,1,1808,2,1,0,1,1,0
55,1,1,922,0,1,0,2,4,0
32,2,1,1728,0,1,0,0,4,0
35,1,1,320,3,0,0,2,5,0
15,2,1,679,5,0,0,1,0,0
172,9,1,15,7,3,1,7,15,1
132,3,0,77,16,1,1,10,10,1
166,4,1,95,8,3,0,10,2,1
42,3,1,1470,5,0,0,1,0,0
41,2,1,1154,3,0,0,1,1,0
83,8,0,47,11,2,0,7,11,1
24,3,1,722,3,1,0,1,2,0
67,5,1,68,5,1,1,9,9,1
119,5,1,45,11,5,1,3,7,1
16,1,1,453,5,1,0,2,3,0
85,5,1,14,15,2,0,5,9,1
122,5,0,77,17,2,0,6,14,1
41,3,1,549,5,0,0,0,5,0
166,7,1,95,17,1,0,6,6,1
183,5,1,14,13,4,1,10,10,1
185,6,0,86,20,1,0,6,2,1
97,8,0,54,20,4,0,5,2,1
18,1,1,1888,5,0,0,2,3,0
64,4,1,3,9,1,1,3,5,1
35,1,1,1925,2,1,0,1,2,0
13,1,1,1859,1,1,0,1,0,0
173,3,0,36,13,2,1,6,2,1
143,7,1,57,13,1,0,7,12,1
182,4,0,3,16,1,0,4,10,1
16,3,1,438,3,1,0,0,4,0
46,2,1,1255,0,1,0,1,4,0
117,8,1,75,16,5,1,4,2,1
27,3,1,1852,5,0,0,2,4,0
195,3,0,17,15,3,0,9,14,1
154,8,1,42,5,3,0,4,6,1
22,3,1,304,0,0,0,2,0,0
18,1,1,573,4,1,0,0,2,0
165,5,1,20,6,1,1,9,7,1
32,2,1,665,5,0,0,1,2,0
56,1,1,495,4,0,0,0,3,0
53,1,1,1058,5,0,0,1,5,0
36,2,1,1136,3,1,0,0,3,0
48,3,1,938,1,1,0,0,2,0
173,10,1,95,11,5,0,3,10,1
41,2,1,1527,3,1,0,1,4,0
117,7,1,2,9,4,0,7,15,1
49,1,1,1619,0,1,0,2,2,0
129,7,0,7,18,4,0,9,7,1
57,2,1,356,0,0,0,0,2,0
53,2,1,1617,0,1,0,0,0,0
83,4,0,92,7,2,0,9,6,1
92,3,1,24,8,4,0,6,7,1
47,3,1,1295,4,1,0,0,2,0
144,8,0,65,6,5,1,5,4,1
44,1,1,1053,5,0,0,1,2,0
26,1,1,931,4,1,0,0,3,0
174,10,1,14,12,4,1,5,15,1
60,2,1,1718,4,1,0,1,3,0
189,5,0,84,13,3,1,9,7,1
104,5,0,16,18,1,1,4,6,1
186,5,0,79,19,2,0,9,2,1
58,4,0,70,19,1,1,6,5,1
178,3,1,15,13,4,1,9,11,1
104,8,1,28,8,2,0,10,10,1
107,6,1,81,12,5,0,10,9,1
24,2,1,1156,5,1,0,1,5,0
166,8,1,71,9,2,1,4,6,1
14,2,1,571,1,1,0,0,4,0
124,5,1,31,12,3,0,9,3,1
30,2,1,847,5,1,0,2,3,0
53,1,1,1548,4,0,0,2,1,0
13,2,1,289,0,0,0,1,2,0
52,4,1,97,18,4,0,6,8,1
56,3,1,1164,3,0,0,2,2,0
153,10,1,89,5,5,0,10,7,1
26,2,1,207,1,0,0,1,4,0
161,10,1,74,18,3,0,9,4,1
44,3,1,381,2,0,0,1,3,0
87,4,0,16,18,5,0,4,8,1
25,2,1,818,1,1,0,0,1,0
10,1,1,1581,5,0,0,1,5,0
36,2,1,1252,0,1,0,0,1,0
34,1,1,231,5,1,0,0,0,0
29,3,1,1000,1,0,0,1,0,0
58,2,1,1483,1,1,0,2,3,0
40,2,1,699,0,1,0,2,5,0
68,4,0,35,20,3,1,6,6,1
59,3,1,888,5,1,0,0,2,0
107,3,1,64,8,2,1,5,9,1
86,9,0,16,13,2,0,8,10,1
146,6,1,63,10,5,1,3,2,1
141,3,0,87,16,3,1,6,13,1
166,9,0,7,16,4,1,8,3,1
41,3,1,1582,1,0,0,2,4,0
47,3,1,415,0,1,0,0,0,0
18,2,1,691,4,0,0,2,2,0
29,3,1,1832,4,0,0,1,5,0
35,3,1,1217,5,0,0,0,2,0
79,4,0,100,13,4,1,8,13,1
15,3,1,1727,5,0,0,1,5,0
53,3,1,413,5,0,0,0,0,0
39,3,1,1597,5,1,0,1,3,0
13,1,1,806,5,0,0,0,5,0
22,2,1,1440,4,0,0,2,2,0
25,1,1,654,4,0,0,2,1,0
127,3,1,51,12,1,1,10,3,1
22,3,1,1678,2,1,0,0,3,0
178,10,1,82,14,3,1,3,5,1
42,2,1,1235,5,0,0,2,5,0
20,3,1,1307,3,0,0,0,3,0
129,8,0,88,17,1,0,6,3,1
36,1,1,698,1,1,0,0,5,0
197,8,1,3,6,4,0,5,9,1
48,2,1,1920,3,1,0,0,4,0
42,2,1,1778,3,1,0,1,1,0
183,5,1,34,12,2,1,3,8,1
170,6,0,51,9,3,0,7,14,1
38,3,1,1962,2,1,0,0,4,0
114,9,0,57,12,1,1,5,15,1
22,3,1,1494,3,1,0,1,2,0
50,1,1,910,2,1,0,0,3,0
21,3,1,866,3,1,0,1,4,0
43,1,1,625,0,1,0,1,5,0
81,8,0,33,15,5,0,3,12,1
115,9,1,79,11,1,0,7,8,1
23,2,1,1138,5,0,0,1,4,0
70,3,1,14,11,2,0,4,7,1
43,3,1,766,5,1,0,2,5,0
17,3,1,903,4,1,0,2,0,0
165,9,1,73,15,4,0,3,11,1
10,3,1,1515,2,0,0,2,5,0
164,3,0,45,15,3,1,5,6,1
108,5,0,52,19,5,0,3,5,1
51,3,1,69,16,1,1,8,10,1
105,5,0,39,19,2,0,7,12,1
153,9,0,38,20,2,1,10,13,1
56,2,1,1076,2,0,0,0,1,0
107,9,0,77,17,3,1,5,8,1
65,7,1,11,17,4,0,8,10,1
52,7,0,91,15,3,1,8,9,1
18,1,1,934,3,1,0,1,3,0
88,6,1,11,6,1,1,3,13,1
85,5,1,69,19,3,0,4,14,1
34,2,1,1430,4,1,0,1,2,0
96,6,1,95,13,4,1,7,9,1
55,2,1,964,4,1,0,0,5,0
33,2,1,1958,3,0,0,1,2,0
149,7,1,36,11,1,1,9,5,1
123,6,0,47,18,4,0,4,2,1
56,1,1,299,4,1,0,0,0,0
33,2,1,1318,1,1,0,0,4,0
118,4,0,99,18,4,1,5,10,1
30,1,1,1421,4,0,0,2,5,0
20,1,1,1510,2,0,0,1,4,0
163,8,0,70,5,4,0,6,11,1
148,9,0,41,13,3,1,6,11,1
165,5,1,7,15,1,0,9,14,1
137,9,0,6,13,1,0,9,9,1
37,1,1,1820,3,0,0,1,0,0
45,3,1,1588,5,1,0,0,2,0
164,9,0,15,11,5,0,6,6,1
73,10,0,75,17,2,1,3,10,1
153,8,0,86,16,3,1,4,12,1
57,1,1,652,2,1,0,0,5,0
35,2,1,1099,2,1,0,0,3,0
40,3,1,1661,4,1,0,2,1,0
200,10,1,68,5,4,0,3,11,1
22,2,1,1382,5,0,0,1,5,0
41,1,1,781,2,0,0,1,5,0
30,2,1,297,0,0,0,1,5,0
117,5,1,9,11,3,0,6,5,1
177,6,1,97,20,1,0,9,10,1
30,2,1,687,0,1,0,0,5,0
199,6,1,86,18,4,1,6,13,1
137,3,1,29,17,4,1,9,5,1
29,2,1,947,3,0,0,1,4,0
48,2,1,239,1,1,0,1,4,0
56,2,1,210,5,1,0,0,5,0
56,2,1,1140,1,1,0,2,4,0
51,2,1,998,3,0,0,2,2,0
196,8,0,69,8,1,0,7,15,1
33,1,1,1109,1,1,0,1,4,0
77,9,1,64,12,3,1,7,10,1
34,2,1,626,2,1,0,0,2,0
39,3,1,575,1,1,0,2,5,0
127,3,1,63,14,2,0,9,10,1
41,2,1,1808,5,1,0,0,0,0
169,6,0,94,6,4,1,10,15,1
20,1,1,1530,2,0,0,0,0,0
84,9,0,74,9,1,1,8,14,1
45,1,1,1882,4,0,0,2,5,0
141,6,0,44,11,5,0,6,14,1
54,3,1,414,4,1,0,1,0,0
143,8,1,87,5,1,0,10,6,1
52,3,1,1610,3,0,0,1,5,0
33,2,1,785,1,0,0,2,5,0
116,6,0,49,10,1,1,10,13,1
124,3,0,70,20,4,1,4,7,1
27,3,1,992,1,1,0,1,3,0
158,6,1,76,11,2,0,4,8,1
177,8,0,30,18,3,1,9,7,1
106,10,0,6,11,2,0,6,13,1
19,2,1,1890,4,0,0,2,1,0
22,2,1,1070,1,0,0,0,3,0
37,1,1,593,5,1,0,1,4,0
101,5,1,49,6,4,0,7,11,1
47,2,1,1788,2,0,0,0,4,0
13,2,1,916,3,1,0,2,3,0
26,1,1,761,3,0,0,0,1,0
24,3,1,916,0,1,0,1,4,0
35,1,1,1554,3,1,0,2,5,0
55,1,1,322,2,1,0,0,2,0
114,9,0,13,15,5,0,6,6,1
29,2,1,1900,4,0,0,1,1,0
52,1,1,1552,0,1,0,1,4,0
23,2,1,789,4,0,0,0,0,0
40,3,1,1576,3,0,0,2,5,0
11,1,1,524,1,1,0,2,2,0
16,2,1,1816,5,1,0,0,0,0
186,7,1,81,8,4,1,7,14,1
119,5,0,83,15,5,0,10,8,1
45,1,1,1336,4,1,0,1,5,0
126,4,0,40,14,4,0,7,5,1
24,3,1,1858,0,1,0,1,0,0
55,2,1,821,3,1,0,1,3,0
18,3,1,829,2,0,0,1,2,0
127,4,0,16,17,3,1,3,4,1
113,5,0,92,14,5,0,3,7,1
59,1,1,312,1,1,0,2,3,0
44,3,1,1693,4,0,0,1,4,0
55,3,1,1806,5,0,0,1,5,0
20,2,1,942,5,0,0,0,0,0
59,3,1,268,1,1,0,2,3,0
32,2,1,1906,0,1,0,2,3,0
112,3,0,3,12,5,0,5,3,1
15,3,1,1572,1,1,0,0,4,0
90,8,1,4,5,2,1,10,3,1
102,8,0,25,13,1,1,9,3,1
43,3,1,1652,5,0,0,2,2,0
140,3,0,24,9,5,0,8,12,1
12,3,1,1334,4,0,0,0,2,0
18,1,1,209,5,1,0,0,1,0
63,9,0,85,11,4,1,5,12,1
31,1,1,536,4,1,0,1,0,0
185,7,1,4,7,5,1,10,11,1
68,10,1,68,17,2,0,10,11,1
32,2,1,982,0,0,0,1,1,0
187,6,0,92,7,3,0,5,4,1
19,2,1,1188,1,0,0,0,4,0
89,8,1,1,6,3,0,8,2,1
184,6,1,10,13,4,1,9,9,1
46,3,1,1422,2,1,0,2,0,0
130,4,1,31,16,1,1,5,6,1
86,9,0,5,20,2,1,10,9,1
13,3,1,1545,0,1,0,2,4,0
158,3,0,32,20,5,1,10,7,1
43,1,1,711,4,0,0,1,2,0
78,5,1,96,9,2,0,7,15,1
59,1,1,1790,2,0,0,2,5,0
109,3,0,50,13,1,1,8,9,1
20,3,1,1727,1,1,0,1,2,0
194,6,1,1,9,1,1,7,6,1
123,6,1,48,17,2,1,3,5,1
182,5,0,56,15,2,0,9,11,1
177,8,1,88,5,5,0,9,10,1
179,4,1,55,15,2,0,6,13,1
125,8,0,10,13,4,1,3,6,1
115,10,1,15,10,5,0,7,14,1
12,2,1,1453,5,0,0,0,1,0
95,4,0,83,12,3,0,4,11,1
28,1,1,1201,1,1,0,2,1,0
193,7,1,36,11,2,1,10,5,1
45,3,1,357,1,1,0,1,0,0
10,2,1,1549,1,0,0,1,2,0
107,5,1,34,12,4,1,6,12,1
12,2,1,574,5,0,0,0,0,0
135,3,1,40,12,5,0,10,4,1
59,4,0,5,15,4,0,10,13,1
41,1,1,735,1,0,0,2,1,0
193,10,0,29,16,4,1,10,8,1
10,3,1,1144,2,0,0,1,1,0
33,3,1,1806,0,0,0,2,1,0
125,5,0,30,12,4,1,3,8,1
16,3,1,627,1,1,0,2,2,0
80,9,0,48,20,3,0,4,13,1
105,4,0,86,12,1,1,8,4,1
16,3,1,1039,4,0,0,0,1,0
25,1,1,1082,2,1,0,1,0,0
29,2,1,1723,1,0,0,0,4,0
90,10,1,42,16,3,0,6,12,1
55,2,1,255,5,1,0,1,4,0
174,8,1,47,10,1,1,4,3,1
52,3,1,1010,2,1,0,2,5,0
15,1,1,1247,4,1,0,0,1,0
12,2,1,440,1,1,0,0,4,0
26,2,1,1850,2,0,0,1,1,0
27,2,1,247,0,1,0,2,2,0
51,1,1,378,0,0,0,1,2,0
170,7,1,13,12,3,1,10,10,1
49,1,1,1974,1,1,0,0,4,0
15,2,1,1478,5,1,0,1,0,0
169,7,0,8,19,4,0,10,6,1
51,3,1,1293,3,0,0,1,4,0
93,7,0,85,11,2,0,5,3,1
10,1,1,783,0,1,0,2,4,0
123,5,1,59,17,4,0,5,5,1
32,1,1,1998,0,0,0,1,3,0
15,1,1,527,1,0,0,1,0,0
34,1,1,730,5,1,0,0,2,0
32,3,1,1103,3,0,0,1,3,0
26,3,1,857,2,0,0,0,3,0
44,3,1,913,2,0,0,1,5,0
42,1,1,1300,3,1,0,2,0,0
129,10,0,68,18,2,0,8,2,1
94,9,1,75,15,4,0,8,12,1
19,3,1,1748,2,1,0,1,0,0
52,3,1,1996,2,0,0,2,2,0
35,3,1,1508,1,0,0,0,5,0
16,1,1,1593,4,0,0,0,0,0
22,3,1,1101,1,1,0,0,3,0
65,5,1,58,20,1,1,7,11,1
52,1,1,871,3,0,0,2,3,0
72,6,0,56,9,5,0,10,13,1
135,5,0,26,14,3,1,6,15,1
76,7,1,74,8,4,0,3,8,1
93,7,0,47,20,5,0,6,10,1
28,3,1,1358,3,1,0,2,3,0
15,2,1,978,4,0,0,0,2,0
104,10,0,4,9,5,1,3,5,1
58,1,1,1776,4,1,0,2,5,0
191,3,1,77,11,1,0,9,15,1
48,1,1,663,0,0,0,2,0,0
36,2,1,1521,1,0,0,0,2,0
133,8,1,5,16,2,1,4,5,1
52,2,1,1084,5,1,0,0,4,0
98,3,0,46,15,2,0,10,7,1
64,7,1,67,15,1,0,9,7,1
44,1,1,251,0,0,0,2,5,0
144,7,0,51,10,5,0,9,9,1
20,2,1,775,2,0,0,1,1,0
122,7,1,62,19,2,0,9,2,1
153,6,0,29,20,4,1,9,2,1
48,1,1,1725,1,1,0,2,3,0
44,3,1,1225,3,1,0,1,2,0
83,5,0,22,7,1,0,8,9,1
147,6,1,29,11,5,1,4,12,1
71,6,1,26,18,5,1,10,6,1
47,3,1,392,3,0,0,1,5,0
23,3,1,887,3,0,0,0,2,0
61,3,1,66,12,3,1,4,12,1
21,1,1,1490,3,1,0,1,1,0
24,3,1,1467,5,1,0,2,5,0
33,3,1,1320,1,1,0,0,2,0
90,4,0,5,15,1,0,8,13,1
11,3,1,1070,0,0,0,0,0,0
40,1,1,509,5,1,0,1,0,0
55,3,1,1635,4,1,0,1,0,0
21,3,1,1462,2,0,0,0,2,0
52,5,0,74,18,5,0,10,11,1
55,4,0,33,5,5,1,5,13,1
27,3,1,1771,1,1,0,1,1,0
19,3,1,559,3,1,0,2,0,0
41,1,1,251,3,1,0,2,3,0
112,4,1,66,17,4,0,8,12,1
91,6,0,41,6,3,0,8,6,1
36,2,1,1511,3,1,0,2,3,0
164,9,0,90,5,4,0,4,6,1
80,7,1,25,7,2,0,6,11,1
10,1,1,1098,4,0,0,0,1,0
20,2,1,1041,3,0,0,0,5,0
14,2,1,1989,0,0,0,0,4,0
59,2,1,1856,1,0,0,0,5,0
34,2,1,1457,2,1,0,1,3,0
56,3,1,1822,3,1,0,0,1,0
52,1,1,1813,2,1,0,0,3,0
71,10,0,14,7,3,1,6,14,1
164,10,0,62,20,5,0,10,5,1
84,4,1,89,8,1,1,10,2,1
15,3,1,344,3,0,0,1,1,0
120,10,1,2,17,2,1,4,4,1
118,5,0,49,19,5,1,10,10,1
59,8,0,40,5,1,0,6,4,1
46,2,1,1253,1,0,0,1,3,0
26,2,1,236,3,1,0,1,1,0
98,9,0,98,7,2,1,8,6,1
55,1,1,1670,5,0,0,2,4,0
56,3,1,506,0,1,0,2,5,0
36,2,1,227,0,0,0,1,5,0
41,3,1,614,5,1,0,1,4,0
42,2,1,1928,4,1,0,2,2,0
60,2,1,561,1,1,0,1,0,0
39,2,1,1096,5,0,0,2,5,0
38,2,1,1257,0,1,0,2,5,0
120,10,1,52,13,2,1,8,15,1
196,7,1,32,17,2,1,5,4,1
73,9,1,89,18,5,0,7,11,1
154,9,1,93,5,1,1,6,10,1
119,6,0,87,18,3,0,8,4,1
185,4,1,89,18,3,1,4,4,1
23,1,1,1713,4,1,0,2,5,0
36,1,1,432,4,0,0,2,3,0
16,3,1,1473,3,1,0,0,1,0
181,3,1,57,14,4,0,7,6,1
161,5,1,12,9,2,0,5,7,1
52,8,0,64,18,1,1,7,3,1
164,9,0,39,8,4,0,5,7,1
13,1,1,1904,5,0,0,1,3,0
14,3,1,848,3,0,0,0,5,0
46,2,1,1539,5,0,0,2,1,0
74,3,1,20,9,2,1,10,4,1
98,6,1,99,14,5,1,8,3,1
119,7,0,15,14,3,0,7,11,1
166,9,1,40,8,5,1,8,15,1
49,3,1,870,2,1,0,1,2,0
43,2,1,1971,3,1,0,1,3,0
15,1,1,1994,5,0,0,2,0,0
59,1,1,1710,4,1,0,1,5,0
142,5,1,3,7,4,1,6,7,1
26,3,1,1364,3,1,0,2,0,0
49,3,1,1888,1,1,0,0,1,0
156,3,0,47,16,3,1,8,4,1
193,8,0,62,19,4,1,8,14,1
130,9,0,71,17,3,1,7,10,1
51,1,1,725,0,1,0,1,2,0
185,3,0,27,15,5,0,4,10,1
51,3,1,785,4,1,0,0,4,0
117,5,1,49,11,1,1,6,8,1
153,9,0,58,20,2,0,10,4,1
65,4,0,68,19,4,0,10,14,1
49,3,1,1550,2,1,0,2,1,0
167,5,0,56,15,2,1,5,8,1
187,5,0,11,15,3,0,10,12,1
160,4,0,99,12,5,0,9,10,1
45,3,1,1814,3,1,0,0,3,0
34,1,1,591,3,1,0,0,3,0
109,7,0,37,15,4,1,5,9,1
21,2,1,1715,2,1,0,1,4,0
24,3,1,544,3,0,0,2,2,0
14,3,1,1420,5,1,0,0,5,0
38,2,1,733,3,1,0,1,5,0
25,3,1,801,4,1,0,0,0,0
165,9,1,70,13,2,1,10,8,1
126,3,1,91,9,4,1,4,15,1
96,6,1,68,18,2,1,8,11,1
15,1,1,591,4,0,0,0,0,0
78,9,1,51,9,5,0,6,15,1
19,2,1,212,3,1,0,2,0,0
19,3,1,804,4,1,0,1,0,0
89,5,1,63,15,3,1,3,3,1
191,6,1,40,5,3,1,8,14,1
68,3,0,48,8,5,1,4,4,1
56,2,1,1339,2,0,0,2,4,0
110,6,1,82,12,5,0,3,10,1
147,8,1,22,20,2,0,6,6,1
19,2,1,318,1,0,0,2,3,0
198,3,1,25,20,2,0,5,6,1
195,4,1,11,19,2,1,10,11,1
53,2,1,532,3,1,0,0,5,0
43,3,1,1403,0,1,0,1,2,0
27,3,1,1190,4,1,0,2,1,0
59,2,1,1884,4,0,0,1,2,0
35,2,1,755,4,0,0,2,2,0
166,4,1,3,10,1,1,4,11,1
56,3,1,1033,4,0,0,0,5,0
19,3,1,266,2,0,0,1,2,0
168,9,1,43,20,5,1,7,2,1
21,3,1,1898,3,1,0,0,5,0
30,3,1,539,2,0,0,2,1,0
59,1,1,209,0,0,0,1,0,0
29,2,1,1823,0,1,0,2,5,0
48,2,1,772,0,0,0,1,1,0
50,2,1,1834,1,1,0,0,2,0
172,4,0,71,6,2,1,9,6,1
44,2,1,777,3,0,0,2,0,0
53,3,1,1507,4,0,0,0,0,0
118,10,1,42,19,5,0,9,8,1
140,9,0,98,14,4,0,3,2,1
49,3,1,1655,5,0,0,2,2,0
170,6,0,94,20,2,1,10,4,1
148,8,0,28,20,1,1,5,2,1
51,3,1,93,13,5,1,3,15,1
132,8,1,29,20,5,0,10,3,1
34,3,1,340,2,0,0,2,3,0
27,3,1,1155,5,1,0,2,4,0
107,4,1,65,16,3,0,9,8,1
36,1,1,1882,5,0,0,0,4,0
135,9,1,86,14,4,0,8,11,1
10,3,1,1274,0,0,0,1,1,0
48,3,1,468,3,0,0,0,1,0
146,4,1,86,16,5,1,7,6,1
48,3,1,1575,4,0,0,0,2,0
18,1,1,1402,1,0,0,2,0,0
55,1,1,1521,2,1,0,1,2,0
106,9,0,58,10,5,1,8,2,1
58,3,1,1412,0,0,0,2,5,0
164,10,0,11,18,4,0,6,6,1
153,10,0,73,19,4,0,10,8,1
26,2,1,1870,3,0,0,0,3,0
20,1,1,508,2,0,0,2,3,0
37,1,1,1559,4,0,0,1,5,0
52,2,1,774,5,1,0,2,1,0
120,8,1,67,6,4,0,5,13,1
51,6,0,60,5,4,0,7,2,1
92,8,1,69,18,4,0,4,8,1
44,1,1,1442,1,0,0,2,4,0
77,7,0,14,13,1,1,10,13,1
50,2,1,253,1,0,0,2,0,0
46,3,1,1463,0,1,0,2,4,0
178,3,0,59,16,2,0,8,8,1
41,1,1,1056,2,1,0,1,4,0
141,3,1,46,15,4,1,9,4,1
122,4,0,55,13,4,0,6,6,1
52,3,1,1240,5,1,0,1,1,0
42,1,1,328,5,1,0,2,4,0
61,9,0,91,12,4,1,5,3,1
169,5,0,72,19,2,0,7,6,1
99,9,0,25,10,1,1,8,7,1
53,2,1,726,3,1,0,2,4,0
44,2,1,744,4,0,0,0,0,0
68,10,0,50,10,4,0,9,14,1
32,2,1,514,1,0,0,0,1,0
20,2,1,1811,2,1,0,0,3,0
34,3,1,518,5,1,0,1,2,0
19,1,1,1848,5,0,0,2,2,0
191,4,1,93,8,5,0,7,14,1
200,6,1,62,9,3,0,9,4,1
44,1,1,1919,3,1,0,2,5,0
98,10,1,37,7,3,1,5,14,1
34,3,1,1832,1,1,0,2,0,0
127,10,1,41,17,5,0,7,6,1
148,9,0,6,20,1,1,3,9,1
43,2,1,1302,1,0,0,1,2,0
58,2,1,326,2,0,0,2,2,0
110,6,0,56,7,2,1,5,13,1
134,4,0,89,12,3,1,9,13,1
11,3,1,1283,3,0,0,1,5,0
15,3,1,1174,0,1,0,2,1,0
45,1,1,1595,3,0,0,2,0,0
92,4,0,6,8,2,1,4,5,1
28,2,1,237,0,0,0,1,5,0
55,1,1,378,5,1,0,0,3,0
23,2,1,729,3,1,0,0,2,0
50,3,0,18,20,3,0,3,9,1
157,5,1,71,7,3,0,4,14,1
85,5,1,77,10,1,0,8,4,1
23,2,1,814,5,0,0,1,2,0
68,9,1,63,19,3,1,3,10,1
162,3,0,90,12,3,1,7,15,1
196,7,1,19,17,1,0,4,6,1
181,4,1,60,19,1,0,6,3,1
98,5,1,73,7,4,1,6,15,1
54,2,1,1089,0,1,0,2,5,0
17,1,1,647,0,1,0,0,5,0
36,1,1,1874,1,1,0,2,2,0
32,2,1,838,2,0,0,2,1,0
43,3,1,1951,0,1,0,1,4,0
29,3,1,821,4,0,0,2,2,0
173,3,1,93,12,4,0,6,5,1
15,3,1,1013,0,1,0,2,3,0
181,9,1,61,8,4,0,7,12,1
43,3,1,1005,3,1,0,1,2,0
44,3,1,546,4,0,0,0,3,0
150,3,1,81,6,3,1,8,3,1
65,5,1,76,8,1,1,4,9,1
99,3,1,29,12,5,0,3,6,1
42,2,1,417,1,0,0,2,0,0
178,4,0,6,16,5,0,6,9,1
52,4,0,9,17,3,1,10,13,1
183,9,1,84,5,5,1,7,7,1
41,3,1,987,2,0,0,2,3,0
152,6,0,60,14,3,1,9,12,1
16,1,1,594,4,1,0,0,3,0
48,2,1,1640,1,1,0,2,5,0
172,10,1,42,7,4,1,3,11,1
45,1,1,923,5,1,0,1,1,0
192,5,0,95,18,1,1,10,9,1
67,3,1,14,14,1,0,10,11,1
118,3,1,6,8,4,0,10,12,1
113,9,1,26,15,4,1,5,10,1
46,2,1,490,3,0,0,0,3,0
45,2,1,721,1,1,0,0,5,0
64,9,1,26,13,3,0,9,9,1
59,10,1,22,13,5,1,5,5,1
32,1,1,1800,0,1,0,0,5,0
156,6,0,18,13,2,1,8,6,1
30,3,1,1968,4,1,0,2,4,0
106,9,1,13,16,3,0,6,6,1
105,7,0,96,8,4,0,10,6,1
177,3,0,40,13,2,1,9,7,1
60,2,1,425,1,1,0,1,1,0
190,5,0,6,9,4,0,9,6,1
57,5,1,3,7,4,0,8,4,1
184,8,0,37,15,3,0,8,3,1
14,1,1,1685,2,0,0,0,0,0
41,3,1,1157,1,1,0,0,3,0
198,8,0,19,7,3,1,5,3,1
11,2,1,1782,0,0,0,2,3,0
24,3,1,1481,4,1,0,1,4,0
35,1,1,969,5,1,0,1,2,0
58,3,1,1513,1,1,0,2,5,0
32,2,1,1987,1,1,0,1,4,0
58,3,1,393,2,0,0,0,3,0
74,5,0,4,17,4,0,6,2,1
23,1,1,1314,1,0,0,2,0,0
118,8,1,38,8,4,1,6,9,1
180,5,0,43,9,1,0,5,6,1
32,3,1,1927,2,0,0,0,5,0
13,2,1,1307,4,0,0,0,2,0
86,7,1,29,9,3,1,6,15,1
20,2,1,313,1,1,0,2,0,0
147,8,1,93,10,1,1,7,4,1
12,1,1,806,4,0,0,0,2,0
56,10,0,59,16,1,1,7,9,1
51,3,1,702,5,0,0,1,4,0
159,5,0,37,18,4,1,10,13,1
87,6,0,45,5,1,0,7,12,1
93,4,0,93,17,5,1,4,12,1
159,8,0,44,11,5,0,4,10,1
57,2,1,1740,0,0,0,1,3,0
56,1,1,416,5,0,0,0,2,0
54,3,1,631,5,1,0,1,4,0
66,8,1,53,9,2,0,3,5,1
48,1,1,845,5,0,0,1,1,0
174,6,1,16,5,1,0,5,6,1
43,2,1,1197,0,1,0,1,2,0
43,1,1,817,0,1,0,0,1,0
31,1,1,1295,0,0,0,2,4,0
22,1,1,1883,3,1,0,1,3,0
33,3,1,1165,2,1,0,1,4,0
102,8,0,44,19,1,1,9,13,1
29,1,1,245,2,1,0,2,3,0
21,2,1,219,4,1,0,1,0,0
84,9,1,68,10,5,0,9,15,1
150,7,1,18,17,5,0,6,10,1
126,10,1,74,11,3,0,6,3,1
60,2,1,1392,2,1,0,1,0,0
191,3,0,93,20,4,1,4,11,1
100,7,1,37,8,3,1,6,5,1
43,2,1,1988,4,1,0,2,4,0
64,7,1,2,6,4,1,8,11,1
38,3,1,1052,2,1,0,2,4,0
39,1,1,914,0,1,0,1,3,0
104,5,0,20,18,1,0,6,15,1
42,2,1,1700,3,0,0,2,3,0
21,2,1,1301,3,0,0,2,3,0
156,5,0,13,8,2,0,8,10,1
58,6,1,7,5,4,0,7,8,1
18,1,1,857,3,0,0,1,4,0
121,5,1,72,18,1,1,6,12,1
44,1,1,1446,3,0,0,2,5,0
45,2,1,1433,4,0,0,1,2,0
139,4,1,38,16,4,0,10,10,1
170,5,0,14,6,3,1,3,3,1
92,8,0,85,9,2,0,8,13,1
10,2,1,996,0,1,0,0,1,0
141,4,1,49,18,3,0,6,5,1
26,3,1,228,0,1,0,0,4,0
39,1,1,1418,1,0,0,2,0,0
89,5,0,41,19,1,0,7,12,1
54,3,0,44,20,5,1,3,7,1
182,9,1,32,13,4,0,5,9,1
150,10,1,3,9,4,0,9,9,1
18,3,1,946,3,0,0,2,2,0
97,3,1,21,5,2,1,9,6,1
92,9,0,99,17,2,0,5,7,1
17,2,1,322,1,0,0,0,4,0
24,3,1,1818,2,1,0,0,2,0
182,8,1,74,18,4,0,3,14,1
24,3,1,1647,0,0,0,0,2,0
130,9,0,77,20,3,1,9,13,1
44,1,1,692,1,1,0,0,5,0
99,8,0,11,17,4,0,10,2,1
108,7,0,54,18,2,1,5,4,1
86,4,0,75,18,4,0,9,6,1
50,3,1,732,3,0,0,2,4,0
87,4,0,14,11,3,0,10,15,1
49,3,1,1112,5,0,0,0,2,0
23,1,1,599,4,0,0,1,4,0
68,7,1,50,8,2,0,7,2,1
15,1,1,700,4,1,0,1,1,0
81,10,1,59,13,3,0,7,7,1
50,1,1,994,3,0,0,0,5,0
178,9,0,58,12,1,0,5,8,1
26,3,1,1680,4,0,0,2,3,0
42,2,1,435,3,1,0,0,0,0
29,1,1,599,5,1,0,1,2,0
156,8,1,49,11,2,1,10,12,1
52,1,1,1227,2,0,0,2,5,0
17,3,1,1234,2,0,0,2,3,0
44,2,1,592,5,0,0,0,3,0
31,1,1,1269,3,0,0,2,3,0
153,9,0,86,14,1,0,9,6,1
102,3,0,98,16,2,0,5,5,1
32,1,1,1499,0,0,0,0,5,0
161,5,0,16,11,1,1,7,10,1
176,6,0,61,6,5,1,4,4,1
115,4,1,65,14,1,1,5,10,1
33,1,1,1268,1,1,0,0,3,0
36,2,1,1522,4,1,0,1,3,0
128,9,0,100,18,2,0,3,12,1
27,3,1,957,2,0,0,2,0,0
56,3,1,790,5,0,0,1,4,0
171,8,0,16,18,1,0,3,7,1
71,7,1,83,14,1,1,9,7,1
20,2,1,302,4,1,0,2,3,0
13,3,1,825,3,1,0,0,4,0
196,4,1,49,16,3,1,4,5,1
50,2,1,1010,0,0,0,2,3,0
25,1,1,279,5,1,0,1,1,0
125,9,0,50,15,5,1,10,8,1
51,3,1,424,1,0,0,0,1,0
107,4,0,83,7,2,1,10,4,1
22,1,1,954,5,1,0,0,4,0
17,2,1,489,5,0,0,1,4,0
90,8,0,99,9,4,0,8,6,1
155,3,0,24,16,1,0,3,2,1
21,3,1,750,2,0,0,1,4,0
167,5,1,18,17,4,0,4,13,1
20,1,1,1112,4,1,0,1,0,0
55,3,0,20,11,5,1,9,14,1
65,3,1,94,10,1,0,6,12,1
49,1,1,310,5,0,0,2,5,0
117,6,0,21,9,3,0,4,3,1
22,1,1,353,5,1,0,2,2,0
91,3,1,67,12,3,1,7,15,1
182,6,0,68,6,2,0,3,14,1
114,8,0,63,6,5,0,7,10,1
55,3,1,1590,4,0,0,0,1,0
40,3,1,1266,2,0,0,2,1,0
110,8,1,54,17,3,0,5,6,1
62,5,0,61,8,4,1,3,2,1
47,2,1,1346,2,1,0,2,4,0
165,3,1,51,11,2,1,8,10,1
92,8,1,65,14,4,0,3,10,1
188,8,0,43,19,3,0,5,11,1
139,9,1,13,15,4,0,6,12,1
23,2,1,1720,2,0,0,2,4,0
144,8,0,9,16,3,0,3,2,1
98,10,0,51,14,3,1,10,4,1
19,3,1,310,1,0,0,1,4,0
59,3,1,260,1,1,0,0,3,0
189,7,1,56,16,3,1,4,13,1
101,9,1,29,7,1,0,3,9,1
86,3,0,33,10,2,1,10,6,1
177,6,0,64,5,4,0,6,6,1
101,3,0,27,18,2,1,5,8,1
156,6,1,62,17,4,1,3,15,1
28,1,1,1700,2,1,0,0,5,0
99,5,1,46,19,5,0,6,8,1
155,9,0,83,12,2,1,8,10,1
121,3,0,18,17,4,1,5,6,1
66,8,0,13,8,1,0,10,13,1
165,4,1,67,9,1,0,7,14,1
193,8,1,59,13,3,1,5,13,1
43,1,1,1397,2,1,0,2,4,0
20,1,1,1796,0,0,0,0,5,0
60,4,1,19,19,2,1,3,7,1
42,1,1,465,5,1,0,1,2,0
59,1,1,507,2,0,0,1,4,0
77,10,1,40,5,5,1,4,5,1
48,2,1,1799,3,1,0,2,3,0
141,6,0,27,14,2,1,5,3,1
172,8,0,42,17,1,1,7,2,1
112,7,1,90,15,1,0,7,2,1
47,2,1,552,5,0,0,1,3,0
105,7,0,40,17,5,0,8,13,1
18,1,1,1187,2,0,0,0,4,0
145,9,0,25,5,2,1,4,13,1
152,8,1,75,15,5,0,6,9,1
39,2,1,502,3,0,0,1,2,0
59,4,0,86,16,5,1,7,15,1
16,2,1,1327,4,0,0,2,3,0
183,6,1,41,20,2,0,10,2,1
58,3,1,1313,3,0,0,0,3,0
93,10,1,61,18,3,0,5,6,1
28,3,1,590,5,1,0,0,0,0
109,8,1,96,5,1,0,10,8,1
150,3,1,4,6,3,0,9,7,1
28,1,1,516,1,1,0,1,4,0
27,1,1,1244,1,1,0,0,1,0
26,2,1,1345,1,0,0,1,0,0
50,3,1,469,0,0,0,2,5,0
15,2,1,1195,2,1,0,2,5,0
13,1,1,883,3,0,0,0,1,0
160,9,0,38,9,2,0,9,7,1
17,2,1,715,3,1,0,1,0,0
169,3,0,3,13,2,1,10,2,1
114,3,1,10,7,1,0,5,5,1
34,3,1,1329,1,0,0,0,1,0
96,5,0,69,8,3,1,4,15,1
93,5,1,1,19,5,1,4,6,1
137,4,0,19,11,5,1,3,5,1
17,3,1,1688,3,1,0,1,0,0
22,1,1,1922,5,1,0,2,4,0
127,10,1,34,6,1,0,7,9,1
45,1,1,407,2,1,0,2,0,0
83,3,0,13,14,2,1,6,3,1
55,2,1,1485,2,1,0,0,2,0
94,4,0,84,13,1,0,9,6,1
114,10,1,31,19,2,0,8,12,1
36,3,1,726,2,1,0,0,5,0
131,10,0,14,10,5,0,7,4,1
193,7,1,98,9,5,1,3,7,1
15,3,1,590,4,1,0,0,0,0
25,2,1,574,2,1,0,0,5,0
78,9,1,33,18,2,1,8,14,1
27,2,1,326,2,0,0,1,4,0
200,7,1,90,15,3,0,10,10,1
58,9,1,2,8,2,0,6,13,1
10,1,1,1966,5,1,0,2,4,0
35,2,1,1624,3,0,0,1,4,0
182,6,1,70,18,5,1,10,9,1
24,1,1,575,5,0,0,1,0,0
96,5,0,70,13,2,0,8,2,1
12,3,1,492,4,0,0,0,5,0
151,5,0,96,5,3,1,6,10,1
14,2,1,612,3,1,0,0,4,0
102,5,0,35,6,5,0,4,7,1
93,4,1,47,11,1,0,3,3,1
118,3,1,40,13,4,0,6,2,1
200,7,1,5,18,3,1,9,13,1
59,2,1,1539,5,1,0,2,1,0
29,3,1,1294,1,1,0,2,3,0
95,4,1,45,20,3,1,9,9,1
90,6,0,7,17,2,1,4,10,1
58,3,1,631,1,0,0,0,5,0
49,1,1,1976,2,0,0,2,2,0
53,3,1,327,4,0,0,2,5,0
179,10,0,22,13,2,0,10,5,1
177,6,1,38,5,2,0,4,5,1
195,5,0,92,8,1,0,8,13,1
12,1,1,628,5,1,0,1,5,0
59,3,1,709,4,0,0,0,0,0
181,3,1,7,13,5,1,7,7,1
127,10,1,3,15,5,1,9,2,1
52,6,0,13,7,1,1,10,11,1
129,8,0,7,8,2,0,4,6,1
100,8,0,20,16,1,0,6,12,1
48,2,1,844,4,1,0,2,1,0
100,4,0,43,13,4,0,9,8,1
35,1,1,437,1,0,0,1,1,0
10,3,1,208,0,0,0,2,4,0
57,2,1,1078,1,0,0,0,0,0
27,3,1,1408,4,1,0,0,4,0
19,3,1,1402,1,0,0,2,0,0
50,3,1,1656,2,1,0,0,0,0
94,7,0,56,5,5,1,8,11,1
62,4,1,5,20,5,0,4,14,1
41,2,1,293,4,1,0,1,3,0
59,10,0,62,5,4,0,6,11,1
13,3,1,1556,4,1,0,2,3,0
18,1,1,1102,0,1,0,2,5,0
89,3,0,97,14,2,1,7,9,1
13,3,1,915,0,1,0,0,0,0
16,1,1,1081,2,0,0,1,2,0
130,9,0,44,7,2,1,7,9,1
105,7,0,7,16,3,1,3,5,1
90,6,0,65,18,3,0,9,4,1
86,4,1,37,8,1,1,5,12,1
41,1,1,1850,0,1,0,0,4,0
72,10,0,7,12,3,1,4,4,1
31,1,1,579,3,0,0,0,5,0
119,9,1,4,19,5,1,9,5,1
162,7,1,23,8,4,1,9,5,1
55,1,1,1076,2,1,0,2,0,0
15,3,1,1532,1,1,0,0,4,0
77,5,0,48,7,5,1,10,8,1
149,5,1,97,14,5,0,9,15,1
121,7,0,39,17,4,0,3,10,1
31,1,1,1004,4,0,0,2,3,0
110,8,1,9,8,3,1,10,11,1
36,2,1,1378,3,0,0,0,3,0
23,3,1,1606,5,1,0,2,4,0
29,1,1,1090,1,1,0,0,5,0
175,9,1,69,13,4,0,3,3,1
101,5,1,14,13,2,0,8,10,1
46,1,1,980,0,0,0,1,2,0
15,1,1,1497,2,0,0,2,0,0
26,3,1,1364,5,1,0,0,3,0
19,3,1,1207,2,0,0,0,5,0
45,1,1,610,1,0,0,1,4,0
26,2,1,1394,4,0,0,2,5,0
119,7,0,7,19,3,0,3,10,1
148,9,1,89,12,1,0,5,5,1
111,5,1,2,6,5,0,6,7,1
147,7,1,59,18,4,1,10,7,1
40,1,1,1230,0,0,0,0,1,0
30,3,1,637,0,1,0,1,0,0
180,3,1,95,10,4,1,6,4,1
167,7,0,16,16,5,1,10,15,1
43,2,1,242,1,1,0,0,4,0
134,9,0,53,8,1,1,8,12,1
24,2,1,1044,3,1,0,0,3,0
43,2,1,1605,1,0,0,1,2,0
12,1,1,1634,2,1,0,0,5,0
22,1,1,1920,0,0,0,0,4,0
110,10,1,58,13,3,1,6,5,1
15,3,1,399,2,1,0,1,2,0
30,3,1,1449,2,1,0,0,4,0
15,2,1,358,1,0,0,2,4,0
45,1,1,1556,0,0,0,0,0,0
26,1,1,998,0,0,0,0,3,0
16,1,1,211,1,0,0,2,0,0
25,2,1,285,1,0,0,2,5,0
68,9,1,88,6,1,1,8,2,1
46,2,1,472,4,1,0,1,0,0
12,1,1,1747,2,0,0,1,4,0
17,3,1,1539,4,0,0,0,0,0
189,3,1,43,13,2,0,5,5,1
172,10,0,46,5,5,1,6,8,1
116,7,1,97,7,2,0,3,7,1
93,10,1,45,19,4,1,7,13,1
49,1,1,1930,3,0,0,2,2,0
174,5,0,54,18,4,0,3,12,1
20,3,1,747,4,1,0,1,3,0
149,10,0,71,18,5,1,8,9,1
47,1,1,1601,5,0,0,0,5,0
54,3,1,1711,4,1,0,2,5,0
24,2,1,473,0,1,0,2,4,0
10,2,1,832,5,0,0,2,4,0
20,1,1,1498,4,0,0,2,4,0
39,1,1,241,2,0,0,0,5,0
28,3,1,452,1,1,0,2,1,0
51,2,1,855,2,0,0,2,5,0
123,8,1,75,9,3,0,6,14,1
184,8,0,65,14,3,1,9,4,1
34,1,1,1707,3,1,0,2,0,0
54,2,1,1525,0,1,0,1,2,0
33,2,1,757,5,0,0,0,4,0
47,1,1,403,1,0,0,0,4,0
46,3,1,397,4,1,0,0,2,0
104,6,1,88,13,1,0,8,11,1
194,10,0,28,8,2,1,4,5,1
161,10,0,34,16,2,0,5,4,1
81,4,0,98,9,5,1,10,11,1
195,8,1,32,15,4,1,7,2,1
191,10,0,33,19,3,1,5,8,1
53,7,0,56,17,1,0,3,5,1
73,6,0,62,6,1,1,9,13,1
16,3,1,514,0,1,0,1,2,0
16,3,1,1534,0,1,0,1,0,0
88,7,0,79,17,4,0,5,15,1
22,1,1,668,3,1,0,2,2,0
197,6,0,75,12,1,1,9,10,1
129,3,0,8,19,3,1,6,11,1
44,1,1,1911,1,0,0,0,0,0
31,3,1,965,0,1,0,2,0,0
183,7,1,98,8,5,1,9,9,1
34,1,1,1712,3,0,0,1,2,0
200,9,1,57,20,4,0,6,12,1
56,3,1,1605,4,0,0,0,3,0
158,3,0,78,6,5,0,8,12,1
61,6,1,57,19,3,0,5,12,1
55,2,1,372,1,1,0,0,1,0
162,7,1,3,6,3,0,6,10,1
30,3,1,811,4,0,0,2,1,0
72,6,0,71,11,4,0,10,3,1
25,1,1,1112,2,0,0,0,0,0
38,1,1,1242,1,1,0,0,2,0
184,6,1,58,20,1,0,6,13,1
54,5,0,21,8,5,0,10,12,1
12,2,1,588,2,0,0,0,1,0
53,2,1,1024,3,0,0,1,0,0
54,6,0,51,8,5,1,7,6,1
99,5,1,65,20,1,1,7,4,1
192,3,0,8,8,3,0,6,15,1
145,4,1,100,11,5,0,4,7,1
34,2,1,1624,2,1,0,0,0,0
110,8,0,48,17,3,0,8,13,1
67,8,1,60,15,3,1,3,14,1
45,3,1,1487,5,1,0,1,2,0
128,7,0,75,16,4,1,4,5,1
198,7,1,61,7,1,1,10,3,1
100,4,1,12,8,2,1,5,11,1
11,3,1,565,0,0,0,0,4,0
31,2,1,1027,2,0,0,0,3,0
192,6,1,23,16,2,0,10,8,1
31,2,1,1169,4,0,0,1,2,0
195,10,1,13,16,4,0,10,8,1
24,1,1,591,1,1,0,2,3,0
64,6,0,28,19,5,0,3,8,1
178,9,0,47,6,3,1,6,2,1
133,3,1,30,17,1,1,8,4,1
13,1,1,1330,2,1,0,1,3,0
45,2,1,397,0,0,0,1,5,0
32,2,1,1701,5,1,0,0,2,0
45,3,1,1631,1,1,0,1,4,0
52,2,1,856,0,0,0,1,5,0
38,1,1,1445,4,1,0,1,1,0
26,3,1,1370,5,0,0,2,1,0
12,1,1,1871,4,0,0,2,4,0
183,7,0,21,10,2,0,5,3,1
37,1,1,467,2,0,0,0,4,0
200,4,1,88,11,3,0,5,5,1
110,9,1,5,7,5,0,6,4,1
52,3,1,993,2,0,0,2,3,0
27,1,1,1597,2,1,0,2,2,0
21,3,1,549,2,0,0,2,3,0
22,3,1,1306,3,0,0,2,5,0
11,2,1,735,1,0,0,2,4,0
50,3,1,1388,1,0,0,1,3,0
31,3,1,661,4,0,0,2,5,0
108,4,1,16,16,1,1,4,10,1
13,3,1,1837,4,0,0,1,5,0
93,9,1,70,9,3,0,10,10,1
34,1,1,1852,1,1,0,2,0,0
170,5,0,95,15,2,1,8,9,1
126,10,0,66,15,5,1,6,15,1
170,5,0,52,16,4,0,6,2,1
32,2,1,1420,2,1,0,1,2,0
25,3,1,1333,1,1,0,0,0,0
39,1,1,1408,2,1,0,1,4,0
45,2,1,998,2,1,0,2,4,0
69,5,1,14,20,1,1,8,5,1
193,6,0,42,7,1,0,3,13,1
73,5,0,95,7,5,1,9,2,1
113,7,0,58,5,5,1,10,12,1
48,1,1,1496,5,0,0,0,5,0
18,1,1,832,2,0,0,1,0,0
31,2,1,1608,3,1,0,2,4,0
92,4,0,47,11,4,1,3,10,1
45,3,1,1298,0,1,0,1,4,0
177,3,0,92,10,1,0,9,5,1
133,9,0,29,14,1,1,6,9,1
112,6,1,97,17,1,1,5,13,1
47,2,1,263,5,1,0,1,5,0
32,1,1,449,4,0,0,1,0,0
66,3,0,29,8,4,0,10,14,1
27,3,1,1296,0,0,0,1,0,0
14,1,1,938,0,1,0,0,4,0
126,5,1,55,11,4,0,10,13,1
166,6,0,40,11,2,1,9,11,1
52,3,1,1517,1,1,0,2,5,0
165,3,1,44,13,2,0,9,12,1
154,9,0,39,20,1,1,9,2,1
196,4,1,32,15,3,0,3,10,1
108,4,1,75,15,1,0,5,15,1
25,3,1,444,2,0,0,1,0,0
17,3,1,865,4,0,0,0,1,0
65,7,0,94,13,3,1,5,9,1
145,5,0,51,13,4,0,9,12,1
166,4,0,49,6,4,1,10,13,1
47,2,1,674,2,1,0,2,3,0
47,1,1,1371,1,1,0,0,5,0
160,3,1,44,9,1,1,3,8,1
194,4,1,3,15,1,0,3,6,1
49,2,1,520,1,0,0,0,5,0
126,3,0,7,5,2,0,6,11,1
171,9,0,92,5,5,0,4,12,1
50,2,1,1907,0,1,0,0,0,0
178,8,1,40,13,4,0,4,4,1
47,1,1,1961,1,0,0,2,2,0
60,2,1,1312,4,1,0,0,5,0
20,3,1,830,5,0,0,2,1,0
155,3,0,57,13,1,0,7,4,1
23,1,1,288,4,1,0,0,4,0
53,2,1,1787,5,1,0,0,3,0
159,9,1,5,9,1,1,6,8,1
51,1,1,1747,5,0,0,2,4,0
54,3,1,1254,5,1,0,0,0,0
12,2,1,903,4,0,0,2,2,0
158,4,0,22,6,1,0,3,13,1
51,1,1,1688,4,0,0,1,0,0
18,3,1,813,3,1,0,0,1,0
40,2,1,1138,4,0,0,2,4,0
126,10,0,90,10,3,0,3,11,1
40,1,1,1081,5,0,0,2,2,0
28,2,1,1117,5,0,0,2,3,0
93,6,1,29,14,4,0,10,4,1
90,8,1,65,11,5,1,6,9,1
41,1,1,524,1,0,0,0,4,0
124,6,1,80,6,2,0,9,4,1
11,2,1,1465,4,1,0,0,0,0
42,1,1,1247,3,1,0,1,0,0
77,8,1,85,12,3,1,9,14,1
86,6,0,2,18,5,0,10,5,1
122,5,0,61,13,4,1,9,4,1
53,2,1,1441,0,1,0,1,3,0
171,6,1,22,8,1,1,5,14,1
169,6,1,99,11,2,0,9,3,1
73,8,1,43,7,3,1,7,13,1
59,3,1,1112,2,0,0,0,3,0
13,3,1,511,2,0,0,2,5,0
52,1,1,1964,5,0,0,2,2,0
40,2,1,1789,4,0,0,2,4,0
92,5,0,87,12,3,1,8,11,1
106,4,1,31,17,4,1,6,7,1
12,3,1,1677,0,0,0,1,2,0
190,5,1,39,18,1,1,3,4,1
40,2,1,1607,5,1,0,2,2,0
190,6,0,77,20,4,0,10,12,1
46,1,1,1237,0,1,0,1,1,0
60,1,1,875,0,0,0,0,1,0
113,7,0,20,8,1,0,7,7,1
107,6,0,60,9,5,0,7,9,1
36,3,1,1803,4,1,0,1,2,0
197,3,0,4,17,3,0,10,6,1
35,3,1,338,3,1,0,1,0,0
95,3,0,62,19,5,1,4,4,1
23,1,1,1828,2,1,0,1,3,0
35,1,1,1726,1,1,0,1,2,0
22,2,1,1325,3,1,0,0,4,0
21,1,1,449,0,1,0,1,1,0
127,9,0,79,11,3,1,4,5,1
30,3,1,1086,3,0,0,2,5,0
128,5,1,30,16,3,0,4,4,1
57,8,1,29,8,3,0,6,2,1
15,1,1,393,2,0,0,0,4,0
174,4,1,48,9,3,0,3,2,1
121,3,1,62,19,2,0,10,3,1
95,9,1,99,19,4,0,3,8,1
178,8,1,51,13,5,1,4,2,1
12,3,1,707,1,0,0,1,0,0
25,3,1,243,3,0,0,1,4,0
55,5,0,65,13,2,1,5,5,1
19,1,1,735,3,0,0,1,4,0
193,9,1,46,15,5,1,9,14,1
58,2,1,1394,3,0,0,0,1,0
15,2,1,1890,2,0,0,2,1,0
57,1,1,1980,5,0,0,2,1,0
27,1,1,652,4,0,0,1,1,0
26,1,1,314,1,1,0,2,0,0
143,5,1,40,13,4,0,5,2,1
144,4,1,77,16,3,0,3,11,1
177,7,1,45,14,4,0,10,6,1
59,3,1,1735,0,1,0,2,2,0
42,2,1,1309,3,0,0,0,1,0
10,1,1,1189,4,0,0,1,5,0
106,7,1,45,10,4,1,7,13,1
16,2,1,1455,4,0,0,2,0,0
103,9,1,23,14,3,0,7,4,1
198,10,0,34,17,5,0,9,15,1
22,3,1,1287,3,0,0,2,5,0
28,2,1,608,3,1,0,1,1,0
43,3,1,784,2,1,0,1,5,0
166,10,0,37,8,2,0,7,13,1
31,3,1,890,0,1,0,1,1,0
53,2,1,1513,3,1,0,1,5,0
131,4,1,12,12,4,0,7,8,1
54,3,1,1617,0,0,0,1,3,0
34,2,1,656,4,0,0,1,2,0
41,2,1,1639,3,0,0,2,5,0
188,6,1,4,10,3,1,6,11,1
66,5,1,31,20,1,1,7,11,1
44,3,1,1587,1,1,0,2,2,0
38,3,1,815,0,1,0,1,0,0
48,2,1,1548,0,1,0,1,5,0
18,2,1,1122,1,1,0,2,1,0
48,1,1,1255,1,0,0,0,5,0
31,2,1,911,5,1,0,0,5,0
53,2,1,1113,0,1,0,2,3,0
22,3,1,1321,1,1,0,1,0,0
95,7,1,62,9,2,0,4,15,1
39,3,1,1863,2,1,0,0,1,0
31,2,1,1041,2,0,0,0,0,0
142,3,1,50,15,1,0,8,11,1
183,7,0,40,19,3,0,6,15,1
32,2,1,1608,4,0,0,2,3,0
188,10,1,57,16,1,0,6,9,1
57,1,1,1152,3,1,0,2,1,0
84,6,0,9,14,5,0,7,2,1
76,8,0,77,19,5,0,9,11,1
30,3,1,1843,1,0,0,0,2,0
187,6,1,84,20,5,0,5,10,1
85,3,0,37,10,1,0,8,6,1
170,4,1,95,14,4,0,8,9,1
108,7,1,54,17,5,0,10,12,1
52,2,1,506,1,0,0,0,4,0
184,6,0,92,19,2,1,7,4,1
37,2,1,1171,5,0,0,0,1,0
54,1,1,460,3,0,0,0,2,0
169,9,1,14,19,3,0,7,5,1
58,7,0,32,14,1,0,3,15,1
44,3,1,1957,4,0,0,2,0,0
153,8,0,94,11,1,0,10,10,1
52,2,1,1419,4,0,0,2,5,0
162,10,1,24,14,4,0,9,11,1
22,3,1,651,2,1,0,1,1,0
94,8,0,34,18,5,1,10,5,1
40,1,1,1030,1,0,0,2,0,0
124,7,0,35,18,1,1,10,8,1
137,6,1,88,6,3,0,8,13,1
12,3,1,982,0,1,0,1,3,0
21,1,1,1702,1,1,0,0,0,0
20,3,1,695,5,0,0,0,5,0
34,2,1,425,0,1,0,1,0,0
33,1,1,1575,3,0,0,1,2,0
197,6,1,4,12,2,0,4,4,1
10,3,1,1686,1,1,0,0,3,0
109,5,1,48,13,4,1,3,5,1
78,10,0,72,19,4,0,9,6,1
56,10,1,18,10,3,0,8,8,1
53,3,1,729,2,1,0,1,4,0
68,7,1,79,15,3,1,10,6,1
44,1,1,1941,5,1,0,2,2,0
57,1,1,1477,2,0,0,1,1,0
192,8,0,84,18,4,0,10,3,1
169,7,1,23,16,3,1,9,6,1
17,3,1,564,3,1,0,1,4,0
58,2,1,1890,4,1,0,0,4,0
29,3,1,476,5,0,0,0,4,0
45,3,1,1023,1,1,0,0,5,0
27,2,1,598,1,0,0,1,5,0
56,10,0,5,5,5,1,7,5,1
116,3,1,81,16,1,1,7,4,1
40,3,1,1017,5,0,0,0,5,0
175,3,1,16,8,2,1,6,11,1
152,10,1,82,16,1,0,6,14,1
29,1,1,396,2,0,0,1,1,0
23,2,1,633,0,1,0,2,2,0
60,8,1,65,10,2,0,3,12,1
46,2,1,1161,2,0,0,1,0,0
60,3,1,1289,1,1,0,2,4,0
106,6,1,78,20,1,0,4,14,1
164,6,0,14,11,3,1,8,4,1
56,8,1,85,9,4,0,8,3,1
90,7,0,47,13,5,0,3,10,1
13,1,1,1713,5,0,0,0,2,0
30,1,1,886,4,1,0,2,2,0
150,9,1,12,20,3,0,3,9,1
29,1,1,768,3,0,0,2,1,0
92,3,1,97,14,2,1,4,14,1
35,2,1,666,1,1,0,1,1,0
82,9,1,49,5,3,1,3,12,1
146,4,0,63,18,2,0,4,12,1
60,2,1,1585,3,0,0,0,3,0
110,5,0,34,10,5,0,9,8,1
25,3,1,1763,2,0,0,2,3,0
151,4,1,51,14,3,1,9,13,1
38,2,1,836,3,0,0,1,3,0
38,1,1,1182,2,0,0,2,2,0
93,9,1,73,5,3,1,7,11,1
107,10,1,84,17,3,0,9,9,1
36,1,1,1347,2,0,0,1,5,0
34,1,1,1156,3,1,0,0,4,0
199,8,0,16,15,5,1,6,6,1
152,7,1,13,11,4,0,5,5,1
176,4,1,86,7,2,0,10,3,1
24,3,1,1331,3,0,0,0,1,0
159,7,1,90,13,4,1,6,15,1
39,3,1,1637,0,0,0,0,4,0
73,3,0,88,7,2,0,9,13,1
57,1,1,398,1,1,0,0,3,0
28,2,1,1234,4,1,0,1,2,0
36,2,1,1667,5,1,0,0,4,0
63,7,0,35,15,5,0,3,11,1
135,9,1,46,20,4,1,4,6,1
44,2,1,344,1,0,0,1,2,0
157,10,0,15,8,5,1,3,2,1
16,2,1,804,4,0,0,0,3,0
159,9,0,47,13,1,1,5,5,1
55,1,1,1465,1,0,0,1,1,0
33,1,1,765,3,1,0,0,5,0
134,3,0,75,13,4,0,3,3,1
140,8,0,39,17,4,1,4,3,1
57,1,1,874,2,0,0,2,0,0
64,10,1,42,15,5,0,3,15,1
138,10,1,58,7,2,0,10,4,1
14,3,1,1561,0,0,0,1,3,0
147,9,1,71,10,4,1,6,3,1
29,2,1,778,0,0,0,2,3,0
40,1,1,405,1,0,0,2,1,0
15,3,1,915,5,1,0,2,1,0
19,3,1,278,4,0,0,2,1,0
21,1,1,1997,1,1,0,1,4,0
80,10,0,92,8,4,1,7,14,1
132,5,0,13,17,1,1,5,4,1
38,1,1,1417,3,0,0,2,5,0
172,6,0,85,16,2,1,8,9,1
13,2,1,889,5,0,0,0,4,0
17,1,1,1918,5,1,0,0,4,0
25,3,1,801,0,0,0,1,0,0
27,1,1,1399,3,1,0,2,1,0
60,8,1,83,8,5,0,10,3,1
60,1,1,262,5,0,0,2,0,0
39,3,1,458,0,0,0,2,2,0
44,3,1,591,5,1,0,1,0,0
14,2,1,287,1,1,0,1,3,0
98,10,1,13,8,4,1,6,14,1
20,3,1,1745,0,1,0,0,2,0
59,2,1,1596,3,0,0,1,5,0
47,1,1,883,2,1,0,2,3,0
45,2,1,805,1,1,0,0,2,0
14,3,1,1394,4,0,0,0,0,0
56,2,1,1541,2,0,0,0,2,0
55,1,1,440,3,0,0,0,3,0
33,3,1,1803,5,0,0,0,2,0
148,4,1,30,14,5,1,6,3,1
46,2,1,307,3,1,0,0,2,0
26,3,1,1858,0,1,0,2,0,0
105,10,1,47,13,3,1,7,14,1
45,3,1,254,1,0,0,1,4,0
46,1,1,1518,4,1,0,1,1,0
88,7,1,84,7,5,0,5,12,1
82,7,0,9,18,4,0,9,9,1
43,1,1,1667,3,0,0,1,2,0
83,5,0,9,5,5,0,10,11,1
28,1,1,346,5,1,0,1,0,0
182,5,1,91,14,3,1,6,6,1
161,7,0,32,15,2,0,5,7,1
149,6,0,66,5,1,1,5,14,1
40,3,1,1437,3,0,0,1,1,0
132,9,0,20,18,2,1,8,12,1
119,9,0,14,13,3,1,6,7,1
59,2,1,1915,1,1,0,2,0,0
196,5,0,32,14,3,1,8,8,1
58,1,1,518,0,0,0,0,4,0
54,3,1,1875,1,1,0,2,0,0
193,9,0,82,14,2,1,6,13,1
93,10,1,53,11,3,1,3,5,1
43,1,1,546,4,0,0,2,5,0
17,1,1,1801,4,1,0,1,5,0
189,4,1,2,16,1,1,7,14,1
80,4,1,85,12,1,1,9,15,1
37,3,1,948,5,0,0,2,5,0
88,9,0,34,16,3,1,3,13,1
58,3,1,962,0,0,0,0,2,0
145,8,1,66,16,1,1,4,14,1
178,5,1,26,6,1,0,3,11,1
43,1,1,1794,5,0,0,1,3,0
166,6,0,34,6,2,1,4,2,1
35,3,1,1061,4,1,0,1,3,0
162,8,1,98,6,3,0,9,4,1
43,3,1,211,2,1,0,2,2,0
18,2,1,312,5,0,0,1,3,0
56,2,1,617,5,1,0,2,1,0
52,1,1,843,1,0,0,2,2,0
182,8,0,61,13,3,0,3,15,1
51,6,1,68,12,2,0,10,8,1
122,10,0,6,10,2,0,3,15,1
25,1,1,896,0,1,0,2,4,0
41,3,1,781,0,1,0,0,5,0
67,9,1,36,10,5,1,8,4,1
91,9,1,94,16,5,0,5,12,1
18,2,1,593,3,1,0,0,1,0
163,9,1,27,20,1,1,7,9,1
171,6,0,89,12,3,0,10,10,1
27,1,1,388,3,1,0,1,3,0
47,3,1,888,3,0,0,2,4,0
96,9,0,57,14,4,1,7,5,1
51,3,1,1980,4,1,0,1,2,0
172,5,1,71,12,2,1,8,12,1
152,5,0,15,5,1,0,9,11,1
109,5,1,31,7,4,0,6,4,1
73,3,0,75,8,4,1,9,15,1
18,1,1,1607,5,1,0,1,0,0
55,3,1,1879,1,1,0,2,3,0
128,6,1,22,5,3,0,9,12,1
50,1,1,1646,4,0,0,2,2,0
159,10,0,66,16,5,1,6,7,1
28,2,1,722,5,0,0,1,1,0
126,6,0,64,17,2,0,6,4,1
46,2,1,1558,4,0,0,2,5,0
88,8,0,80,10,5,1,3,2,1
32,2,1,1964,2,1,0,1,4,0
59,2,1,1505,5,0,0,0,4,0
15,3,1,1904,1,0,0,2,5,0
16,3,1,1102,2,0,0,1,5,0
27,3,1,1626,3,1,0,0,1,0
55,2,1,327,5,0,0,2,3,0
81,6,1,78,11,5,0,9,6,1
59,1,1,620,3,0,0,2,2,0
199,4,0,22,15,4,0,3,5,1
178,7,1,34,5,5,0,10,2,1
15,3,1,1067,3,0,0,1,5,0
187,4,1,36,20,4,0,7,13,1
182,4,1,69,15,2,1,9,14,1
19,1,1,503,2,0,0,0,3,0
20,3,1,1901,0,1,0,0,1,0
198,10,0,100,16,1,1,3,11,1
107,6,1,99,20,4,0,9,8,1
23,2,1,1565,4,0,0,2,5,0
56,1,1,649,1,0,0,1,3,0
15,3,1,1675,0,1,0,1,1,0
40,3,1,1395,1,0,0,1,2,0
60,1,1,1657,1,1,0,0,2,0
17,1,1,1853,1,1,0,1,4,0
39,3,1,1348,2,0,0,1,1,0
12,2,1,939,0,1,0,0,3,0
13,3,1,1814,1,0,0,0,0,0
52,1,1,1485,1,0,0,2,0,0
100,7,0,34,19,2,0,4,13,1
40,3,1,432,4,0,0,1,5,0
165,7,0,1,14,3,1,10,3,1
29,2,1,1478,4,1,0,1,1,0
45,3,1,1135,5,1,0,2,2,0
83,6,1,23,10,3,1,6,11,1
51,3,1,1884,5,1,0,2,2,0
44,3,1,1013,4,0,0,1,3,0
52,2,1,1366,2,0,0,2,2,0
17,3,1,1843,3,0,0,2,3,0
142,6,0,1,18,4,1,5,6,1
66,8,1,38,9,4,0,7,9,1
61,6,1,57,20,2,1,6,9,1
39,2,1,1625,0,0,0,1,1,0
34,1,1,1345,2,0,0,2,5,0
150,6,0,86,11,4,1,8,4,1
43,3,1,201,5,0,0,0,5,0
17,1,1,521,2,1,0,0,4,0
167,4,1,34,10,1,1,5,6,1
32,2,1,371,2,1,0,1,5,0
24,3,1,1015,5,1,0,2,2,0
43,1,1,1143,3,1,0,0,3,0
55,3,0,81,17,1,0,3,4,1
91,9,1,4,19,1,1,8,13,1
36,1,1,1493,5,0,0,2,0,0
21,2,1,1263,4,0,0,0,2,0
143,3,1,72,20,1,1,9,12,1
115,3,0,40,11,5,1,6,13,1
146,3,0,92,20,5,1,7,9,1
129,3,1,28,19,2,0,10,2,1
47,3,1,434,4,0,0,1,1,0
179,7,0,30,6,5,1,3,4,1
189,10,0,85,12,1,1,6,2,1
17,2,1,456,0,0,0,2,0,0
150,10,1,40,6,3,1,9,13,1
33,3,1,1819,1,0,0,0,2,0
161,4,0,2,14,3,0,9,13,1
28,2,1,769,2,1,0,2,4,0
139,3,0,4,5,5,0,7,13,1
19,3,1,1140,2,1,0,0,0,0
180,10,1,21,9,4,1,5,2,1
123,9,0,30,19,5,0,8,14,1
40,2,1,1579,2,1,0,1,4,0
58,1,1,810,2,0,0,2,3,0
126,10,0,97,19,2,1,10,3,1
32,2,1,1145,4,1,0,2,0,0
68,8,0,3,18,3,0,6,13,1
140,7,1,23,17,1,0,5,12,1
31,2,1,1818,5,0,0,2,2,0
171,3,1,60,10,3,0,6,12,1
14,3,1,1975,4,0,0,1,0,0
66,5,1,68,19,5,1,10,14,1
192,8,0,65,5,3,1,3,6,1
79,5,1,11,6,3,1,6,7,1
25,2,1,1094,3,1,0,2,5,0
40,2,1,1039,3,1,0,0,5,0
54,10,0,39,17,2,0,5,9,1
124,4,0,9,12,5,1,8,4,1
107,5,1,19,19,5,0,5,5,1
158,5,0,43,10,4,1,8,6,1
83,6,0,1,20,4,1,3,12,1
56,2,1,983,4,0,0,2,4,0
57,1,1,412,5,1,0,1,3,0
191,7,1,61,11,4,1,10,12,1
48,1,1,530,4,0,0,0,3,0
30,3,1,1881,2,1,0,2,5,0
52,3,1,588,0,0,0,2,0,0
184,9,1,88,13,1,1,10,9,1
52,1,1,1445,3,0,0,2,3,0
50,5,0,68,18,4,1,10,5,1
30,1,1,221,3,0,0,2,1,0
10,3,1,1136,2,1,0,2,2,0
132,10,1,52,7,1,0,8,7,1
35,2,1,818,4,0,0,2,4,0
20,1,1,1784,2,0,0,0,2,0
36,1,1,597,5,1,0,1,3,0
45,2,1,551,5,0,0,2,2,0
59,9,0,87,5,1,1,9,13,1
175,7,1,50,15,4,1,10,15,1
122,8,0,16,18,2,1,3,6,1
64,4,0,65,12,5,1,7,15,1
60,1,1,1515,1,0,0,2,3,0
136,3,0,63,5,1,1,4,2,1
24,1,1,969,1,1,0,0,5,0
10,3,1,1122,2,0,0,1,5,0
51,3,0,2,9,3,1,8,9,1
188,9,0,24,16,3,0,9,3,1
177,7,0,48,20,5,1,6,2,1
18,2,1,1852,0,1,0,0,3,0
143,7,1,39,10,2,1,10,2,1
28,2,1,995,5,0,0,0,4,0
153,4,0,12,12,5,1,5,9,1
29,2,1,667,0,0,0,0,1,0
140,9,1,14,5,4,1,3,6,1
178,3,1,23,20,3,1,4,12,1
54,2,1,1340,3,1,0,1,4,0
200,10,1,24,16,3,0,7,13,1
33,3,1,1738,0,1,0,2,5,0
104,8,1,94,12,2,1,9,6,1
51,3,1,1339,4,0,0,2,3,0
200,9,0,50,6,3,1,10,9,1
58,2,1,878,0,1,0,0,3,0
29,2,1,1209,4,1,0,1,4,0
29,1,1,1629,2,1,0,2,4,0
29,3,1,1177,3,0,0,0,4,0
37,3,1,680,1,0,0,0,5,0
55,3,1,1632,3,1,0,2,2,0
56,3,1,801,5,1,0,1,0,0
50,6,1,78,16,1,1,8,3,1
47,2,1,960,1,1,0,2,0,0
122,9,0,60,11,2,1,4,13,1
149,9,1,76,11,4,0,8,2,1
15,3,1,363,0,0,0,1,5,0
133,6,0,18,16,4,0,9,2,1
24,3,1,432,1,0,0,2,5,0
189,5,0,8,11,2,0,4,7,1
166,9,1,38,8,1,0,7,5,1
84,9,1,70,20,5,1,5,13,1
37,3,1,1898,3,1,0,1,4,0
35,3,1,610,5,1,0,0,3,0
186,4,0,79,6,4,0,6,3,1
52,1,1,1177,0,1,0,0,0,0
87,9,1,73,11,3,0,5,15,1
59,2,1,221,4,0,0,0,0,0
32,1,1,1501,5,0,0,1,3,0
90,5,1,4,6,1,1,4,14,1
55,1,1,821,0,0,0,0,4,0
100,3,0,20,7,4,1,6,7,1
63,8,1,44,20,5,0,10,4,1
23,2,1,1639,1,0,0,2,2,0
123,10,0,23,10,5,1,7,9,1
59,3,1,540,1,0,0,0,2,0
198,7,0,50,6,3,0,6,4,1
22,3,1,421,4,0,0,2,0,0
75,6,1,63,20,5,0,4,14,1
27,2,1,1490,1,1,0,2,5,0
116,8,1,38,8,2,0,8,13,1
114,5,1,36,9,2,1,9,8,1
11,1,1,1874,0,0,0,1,4,0
70,10,1,39,15,2,0,4,13,1
57,2,1,1651,4,0,0,0,4,0
195,9,1,13,6,5,0,7,10,1
46,2,1,1762,0,0,0,2,5,0
20,1,1,574,0,0,0,2,5,0
97,7,0,75,16,4,0,5,6,1
144,10,1,9,17,5,1,7,8,1
14,3,1,1506,3,1,0,2,5,0
71,6,0,11,7,5,1,8,12,1
19,2,1,829,4,0,0,1,3,0
51,3,1,1869,2,0,0,0,2,0
46,1,1,1375,5,1,0,0,3,0
109,10,0,68,12,4,0,10,15,1
170,4,1,76,6,5,0,3,10,1
26,1,1,1604,4,1,0,1,5,0
77,3,0,76,17,1,1,9,6,1
159,9,0,22,8,5,0,5,4,1
26,3,1,1054,0,1,0,1,2,0
116,7,0,55,6,1,0,9,15,1
199,6,0,76,12,4,0,6,11,1
166,10,0,60,7,3,0,9,7,1
146,5,1,94,6,1,0,9,5,1
174,3,1,81,9,5,0,4,14,1
154,5,0,9,11,4,0,5,15,1
117,9,1,91,13,1,0,10,15,1
103,4,1,66,19,5,0,5,13,1
42,1,1,1163,1,1,0,0,3,0
27,1,1,960,5,0,0,0,1,0
50,8,1,31,17,1,0,3,3,1
23,2,1,1061,2,0,0,0,5,0
53,3,1,1451,0,1,0,0,0,0
122,3,0,92,19,5,1,8,14,1
45,1,1,1076,3,0,0,1,3,0
95,6,0,14,11,5,0,7,2,1
23,1,1,569,5,1,0,2,4,0
184,6,0,63,12,3,0,10,14,1
164,7,0,18,18,5,0,7,15,1
60,3,0,32,20,3,1,3,12,1
95,7,0,58,19,2,0,6,13,1
20,3,1,2000,2,0,0,0,3,0
124,3,1,71,17,5,0,3,5,1
55,1,1,1548,3,1,0,1,0,0
56,1,1,263,0,0,0,2,0,0
23,2,1,201,2,1,0,0,4,0
141,6,0,32,8,4,0,5,13,1
49,3,1,620,2,0,0,1,5,0
28,2,1,1211,3,0,0,1,4,0
36,3,1,1223,1,1,0,2,1,0
129,10,0,93,6,1,0,4,8,1
55,2,1,1707,3,0,0,2,5,0
92,5,1,13,12,4,0,3,7,1
37,3,1,1086,1,0,0,0,5,0
19,1,1,1266,4,1,0,0,1,0
60,2,1,1706,2,1,0,0,2,0
97,6,0,60,5,4,1,8,10,1
87,7,0,7,18,1,0,9,2,1
14,3,1,949,2,1,0,2,5,0
51,2,1,1278,2,1,0,1,2,0
53,5,1,99,14,1,1,3,12,1
53,4,1,47,18,4,1,3,2,1
19,1,1,1101,5,1,0,2,1,0
37,2,1,1319,1,0,0,2,2,0
15,2,1,1617,2,0,0,1,4,0
52,2,1,307,2,0,0,1,1,0
153,9,1,36,16,4,1,8,10,1
25,2,1,850,0,0,0,1,4,0
53,2,1,1386,0,1,0,2,4,0
179,8,0,96,11,4,1,6,11,1
187,4,0,8,17,5,0,6,3,1
43,2,1,480,4,0,0,0,4,0
33,3,1,824,3,1,0,0,3,0
47,1,1,499,1,1,0,0,2,0
40,3,1,350,1,0,0,2,0,0
22,3,1,548,1,0,0,1,4,0
38,1,1,1396,2,0,0,0,3,0
66,6,0,89,19,5,0,9,11,1
13,1,1,438,4,0,0,2,4,0
141,4,1,85,7,1,0,9,3,1
38,3,1,1387,2,0,0,0,5,0
20,1,1,569,3,0,0,2,2,0
94,7,0,12,19,4,0,5,5,1
67,8,1,7,17,4,1,7,8,1
138,4,1,60,18,4,1,6,9,1
47,2,1,825,4,0,0,1,3,0
36,1,1,1355,2,1,0,2,2,0
39,3,1,1672,4,1,0,2,0,0
110,4,0,4,16,4,0,4,7,1
96,6,0,69,16,1,0,9,9,1
85,7,1,73,6,2,0,6,8,1
14,3,1,261,3,1,0,1,5,0
52,10,0,51,12,3,0,8,14,1
143,9,1,18,13,4,0,5,13,1
47,1,1,773,4,0,0,0,1,0
14,2,1,905,4,0,0,2,0,0
45,1,1,1335,5,0,0,2,4,0
39,3,1,1052,0,1,0,2,1,0
96,3,0,17,15,1,0,10,6,1
184,5,1,31,14,5,1,8,3,1
138,6,1,38,7,2,0,10,6,1
51,2,1,1613,0,1,0,2,4,0
45,1,1,1677,0,1,0,0,0,0
44,1,1,796,1,0,0,0,3,0
22,3,1,755,3,0,0,2,5,0
39,2,1,1201,2,1,0,2,1,0
24,3,1,644,1,1,0,0,3,0
43,1,1,401,0,0,0,2,5,0
135,6,0,34,12,2,0,4,15,1
13,1,1,1684,3,0,0,0,2,0
110,7,0,74,15,2,0,4,15,1
188,3,0,7,16,3,1,6,5,1
58,2,1,218,0,1,0,2,0,0
98,6,1,23,8,3,0,10,8,1
40,1,1,1492,2,0,0,1,2,0
98,6,1,63,6,4,1,5,3,1
40,2,1,1167,5,1,0,1,4,0
163,5,0,54,11,5,1,8,5,1
17,2,1,758,1,1,0,2,5,0
26,2,1,569,1,1,0,1,0,0
18,3,1,1049,2,1,0,2,3,0
29,3,1,536,2,0,0,1,5,0
35,3,1,962,3,0,0,1,0,0
58,1,1,1025,3,1,0,1,5,0
152,10,0,76,6,5,1,10,10,1
58,2,1,1470,1,1,0,1,2,0
153,6,1,44,5,4,0,6,4,1
51,1,1,231,3,1,0,2,2,0
85,5,0,70,10,1,1,3,9,1
35,1,1,253,0,0,0,1,3,0
40,2,1,331,2,1,0,1,0,0
125,6,1,78,11,5,0,9,4,1
157,7,0,7,6,4,0,10,2,1
149,3,1,5,13,4,1,7,14,1
56,2,1,940,0,1,0,1,0,0
69,3,1,46,9,3,0,9,8,1
44,1,1,1805,1,0,0,0,4,0
38,1,1,832,4,0,0,1,0,0
12,2,1,994,0,1,0,1,3,0
21,2,1,1976,1,0,0,1,1,0
27,1,1,1828,3,1,0,1,4,0
58,3,1,1424,1,0,0,1,2,0
28,3,1,305,5,1,0,2,2,0
83,7,1,47,15,1,1,4,12,1
176,5,0,67,17,4,0,5,6,1
28,1,1,1980,0,1,0,0,2,0
113,4,1,12,8,1,0,9,13,1
99,7,0,70,12,3,1,4,3,1
76,7,1,39,8,5,1,4,2,1
59,1,1,1195,1,0,0,0,0,0
147,7,0,41,14,3,0,7,4,1
44,1,1,342,0,1,0,0,1,0
52,2,1,487,3,1,0,2,0,0
37,3,1,780,0,1,0,2,1,0
147,4,0,30,6,4,1,10,2,1
20,1,1,1700,1,0,0,1,4,0
196,8,0,56,15,5,1,4,7,1
58,7,0,74,12,5,0,10,4,1
53,1,1,821,4,0,0,1,4,0
51,8,1,4,7,2,1,8,6,1
34,2,1,1602,4,0,0,2,5,0
66,8,1,24,17,1,1,4,13,1
49,2,1,1129,3,1,0,1,5,0
10,2,1,1820,1,1,0,0,1,0
12,1,1,304,5,0,0,2,2,0
26,1,1,1143,3,1,0,1,2,0
190,9,0,26,9,4,1,3,7,1
128,9,1,6,15,2,0,10,2,1
32,3,1,496,2,1,0,1,5,0
20,1,1,1137,0,0,0,1,4,0
103,5,0,78,15,5,0,7,9,1
108,6,1,26,16,5,0,6,11,1
21,3,1,374,5,0,0,2,3,0
30,1,1,660,1,0,0,0,5,0
16,2,1,1752,3,0,0,1,1,0
67,3,1,100,7,1,1,7,3,1
200,9,1,99,16,3,1,4,6,1
174,5,1,10,10,4,0,7,13,1
36,3,1,1947,5,1,0,2,2,0
24,2,1,1016,1,1,0,1,1,0
114,8,0,73,7,2,1,9,10,1
171,9,0,58,8,1,1,5,12,1
52,5,0,63,13,3,1,10,15,1
43,2,1,1219,2,1,0,2,4,0
34,1,1,1968,2,0,0,0,4,0
67,8,0,74,6,3,0,6,14,1
59,5,1,9,19,2,0,5,10,1
38,3,1,228,5,1,0,2,4,0
58,1,1,1886,4,1,0,1,2,0
129,5,0,94,19,4,0,6,10,1
94,3,0,54,15,5,0,7,3,1
119,3,1,61,19,5,1,3,12,1
192,3,0,89,5,3,0,8,13,1
123,10,1,21,16,4,0,4,14,1
115,10,0,47,20,2,0,9,11,1
43,2,1,1688,5,0,0,1,1,0
133,8,1,15,5,4,0,7,6,1
44,2,1,1857,1,0,0,2,2,0
80,5,0,98,19,4,0,3,2,1
115,6,1,56,19,5,1,10,14,1
58,3,1,357,2,0,0,0,2,0
128,3,0,71,14,2,1,4,11,1
86,9,0,4,9,2,0,3,13,1
15,2,1,703,4,0,0,0,1,0
12,2,1,1017,1,1,0,1,2,0
12,2,1,1348,0,1,0,0,2,0
126,10,0,98,12,1,1,4,2,1
91,5,0,24,5,3,0,5,13,1
139,3,1,64,9,1,1,6,3,1
144,9,0,30,11,4,0,6,5,1
87,7,0,46,5,4,1,6,10,1
13,2,1,1272,1,0,0,0,2,0
120,6,1,59,18,4,1,6,9,1
12,3,1,917,1,0,0,1,2,0
50,2,1,274,4,0,0,1,2,0
188,5,1,91,5,2,1,3,5,1
46,3,1,1235,0,0,0,0,0,0
47,3,1,940,2,0,0,0,5,0
11,1,1,901,2,0,0,0,1,0
164,6,1,59,6,1,0,7,3,1
109,4,1,99,5,4,1,7,8,1
55,3,1,1383,4,1,0,1,1,0
104,8,1,64,13,5,1,4,5,1
200,4,0,12,9,2,1,7,2,1
156,10,1,18,13,3,0,9,13,1
30,3,1,1061,1,0,0,1,2,0
60,10,0,87,6,2,1,9,9,1
181,7,1,56,11,5,1,7,6,1
99,5,1,5,20,3,1,7,7,1
152,10,0,76,17,1,0,6,3,1
19,1,1,695,4,0,0,1,0,0
96,3,0,53,14,4,1,3,15,1
110,7,0,73,7,4,0,9,3,1
32,1,1,1019,5,1,0,0,1,0
57,2,1,1738,3,0,0,2,0,0
30,3,1,1583,5,1,0,1,4,0
52,3,1,1885,5,0,0,1,3,0
49,1,1,1271,3,0,0,1,4,0
131,7,0,77,8,3,0,3,5,1
98,7,1,50,6,3,0,3,10,1
104,7,1,81,14,4,0,5,8,1
173,7,0,20,17,4,0,7,6,1
199,6,0,18,10,5,0,6,14,1
59,3,1,1995,2,1,0,0,0,0
50,2,1,973,2,0,0,2,4,0
114,9,0,37,16,5,1,3,10,1
21,1,1,744,4,1,0,1,1,0
79,9,0,42,11,3,1,5,6,1
52,1,1,248,1,1,0,0,0,0
35,1,1,1867,5,0,0,0,5,0
42,3,1,958,0,0,0,0,4,0
52,1,1,796,5,1,0,2,5,0
